configuration,cost_profile,split,natural_trades,net_win_rate,source_last_trade_gross_usd,modeled_spread_usd,modeled_slippage_usd,commission_usd,net_usd,mean_natural_net_usd,long_trades,short_trades,max_adverse_fraction,max_peak_drawdown_fraction,risk_breaches,selection_eligible
mes_directional_h6_ema48_momentum_stop8_target8,flat2_operating_assumption,development,656,0.4603658536585366,-818.75,1640.0,1640.0,2624.0,-6722.75,-10.248094512195122,309,347,9.813242480064723e-06,1.6020571214467937e-05,0,False
mes_directional_h6_ema48_momentum_stop8_target8,flat2_operating_assumption,validation,280,0.4107142857142857,-862.5,700.0,700.0,1120.0,-3382.5,-12.080357142857142,150,130,9.806538018897199e-06,1.6007921519964155e-05,0,False
mes_directional_h6_ema48_momentum_stop8_target8,legacy_proportional_035bps_sensitivity,development,656,0.4695121951219512,-818.75,1640.0,1640.0,1590.344743750001,-5689.09474375,-8.672400524009147,309,347,9.498605353469242e-06,1.601684867215901e-05,0,False
mes_directional_h6_ema48_momentum_stop8_target8,legacy_proportional_035bps_sensitivity,validation,280,0.4107142857142857,-862.5,700.0,700.0,674.5736374999997,-2937.0736375,-10.489548705357143,150,130,9.491880595486092e-06,1.6007552061302737e-05,0,False
mes_directional_h6_ema48_momentum_stop8_target12,flat2_operating_assumption,development,545,0.3889908256880734,-227.5,1362.5,1362.5,2180.0,-5132.5,-9.417431192660551,261,284,9.810078875036212e-06,2.001440536826381e-05,0,False
mes_directional_h6_ema48_momentum_stop8_target12,flat2_operating_assumption,validation,242,0.32231404958677684,-983.75,605.0,605.0,968.0,-3161.75,-13.065082644628099,133,109,9.806108715424274e-06,2.000635802057894e-05,0,False
mes_directional_h6_ema48_momentum_stop8_target12,legacy_proportional_035bps_sensitivity,development,545,0.4018348623853211,-227.5,1362.5,1362.5,1321.8474500000016,-4274.34745,-7.842839357798166,261,284,9.496320361313651e-06,2.0012838841358846e-05,0,False
mes_directional_h6_ema48_momentum_stop8_target12,legacy_proportional_035bps_sensitivity,validation,242,0.3305785123966942,-983.75,605.0,605.0,583.05454375,-2776.80454375,-11.474398941115702,133,109,9.488843585445159e-06,2.0005044402338508e-05,0,False
mes_directional_h6_ema48_momentum_stop12_target12,flat2_operating_assumption,development,460,0.45869565217391306,305.0,1150.0,1150.0,1840.0,-3835.0,-8.33695652173913,223,237,1.3810493212743042e-05,2.376058771788709e-05,0,False
mes_directional_h6_ema48_momentum_stop12_target12,flat2_operating_assumption,validation,202,0.37623762376237624,-733.75,505.0,505.0,808.0,-2551.75,-12.632425742574258,113,89,1.3806833692336022e-05,2.4006392902429918e-05,0,False
mes_directional_h6_ema48_momentum_stop12_target12,legacy_proportional_035bps_sensitivity,development,460,0.47608695652173916,305.0,1150.0,1150.0,1115.866675,-3110.866675,-6.762753641304348,223,237,1.3495058127447942e-05,2.375916280666046e-05,0,False
mes_directional_h6_ema48_momentum_stop12_target12,legacy_proportional_035bps_sensitivity,validation,202,0.3910891089108911,-733.75,505.0,505.0,486.80498124999974,-2230.55498125,-11.042351392326731,113,89,1.3488250697971158e-05,2.4004931861820705e-05,0,False
mes_directional_h6_ema48_pullback_stop8_target8,flat2_operating_assumption,development,429,0.4428904428904429,-483.75,1072.5,1072.5,1716.0,-4344.75,-10.127622377622378,221,208,9.808444580361462e-06,1.6009229320703386e-05,0,False
mes_directional_h6_ema48_pullback_stop8_target8,flat2_operating_assumption,validation,201,0.43283582089552236,-275.0,502.5,502.5,804.0,-2084.0,-10.368159203980099,105,96,9.803990224021177e-06,1.6003483158109362e-05,0,False
mes_directional_h6_ema48_pullback_stop8_target8,legacy_proportional_035bps_sensitivity,development,429,0.46386946386946387,-483.75,1072.5,1072.5,1041.3287062499996,-3670.07870625,-8.55496201923077,221,208,9.495059485695034e-06,1.6007511377990393e-05,0,False
mes_directional_h6_ema48_pullback_stop8_target8,legacy_proportional_035bps_sensitivity,validation,201,0.4527363184079602,-275.0,502.5,502.5,484.34207499999997,-1764.342075,-8.777821268656716,105,96,9.489888190167593e-06,1.6002473501748248e-05,0,False
mes_directional_h6_ema48_pullback_stop8_target12,flat2_operating_assumption,development,385,0.37662337662337664,-622.5,962.5,962.5,1540.0,-4087.5,-10.616883116883116,201,184,9.808018054759766e-06,2.001093697760511e-05,0,False
mes_directional_h6_ema48_pullback_stop8_target12,flat2_operating_assumption,validation,182,0.3791208791208791,-191.25,455.0,455.0,728.0,-1829.25,-10.050824175824175,97,85,9.803490532804205e-06,1.9252945700692206e-05,0,False
mes_directional_h6_ema48_pullback_stop8_target12,legacy_proportional_035bps_sensitivity,development,385,0.4,-622.5,962.5,962.5,934.7113125000002,-3482.2113125,-9.044704707792208,201,184,9.494654574482326e-06,2.0008562770977167e-05,0,False
mes_directional_h6_ema48_pullback_stop8_target12,legacy_proportional_035bps_sensitivity,validation,182,0.3956043956043956,-191.25,455.0,455.0,438.59650624999983,-1539.84650625,-8.460695089285714,97,85,9.48966027496699e-06,1.9251902869427085e-05,0,False
mes_directional_h6_ema48_pullback_stop12_target12,flat2_operating_assumption,development,328,0.43902439024390244,-62.5,820.0,820.0,1312.0,-3014.5,-9.190548780487806,173,155,1.3808347145849666e-05,2.3508961616168085e-05,0,False
mes_directional_h6_ema48_pullback_stop12_target12,flat2_operating_assumption,validation,163,0.4110429447852761,23.75,407.5,407.5,652.0,-1443.25,-8.854294478527608,85,78,1.3803781545954515e-05,2.4003918639717935e-05,0,False
mes_directional_h6_ema48_pullback_stop12_target12,legacy_proportional_035bps_sensitivity,development,328,0.4634146341463415,-62.5,820.0,820.0,796.4137125000003,-2498.9137124999997,-7.618639367378048,173,155,1.3495195331402119e-05,2.3508205201535976e-05,0,False
mes_directional_h6_ema48_pullback_stop12_target12,legacy_proportional_035bps_sensitivity,validation,163,0.4294478527607362,23.75,407.5,407.5,392.89779375000023,-1184.14779375,-7.264710391104294,85,78,1.3489944455691426e-05,2.400254238219657e-05,0,False
mes_directional_h6_ema192_momentum_stop8_target8,flat2_operating_assumption,development,264,0.4810606060606061,-170.0,660.0,660.0,1056.0,-2546.0,-9.643939393939394,101,163,9.804979949316258e-06,1.6006269655824185e-05,0,False
mes_directional_h6_ema192_momentum_stop8_target8,flat2_operating_assumption,validation,108,0.4166666666666667,-428.75,270.0,270.0,432.0,-1400.75,-12.969907407407407,52,56,9.802650146467098e-06,1.600203865972525e-05,0,False
mes_directional_h6_ema192_momentum_stop8_target8,legacy_proportional_035bps_sensitivity,development,264,0.48484848484848486,-170.0,660.0,660.0,639.6658625000003,-2129.6658625,-8.066916145833334,101,163,9.492716648167303e-06,1.6006027972793622e-05,0,False
mes_directional_h6_ema192_momentum_stop8_target8,legacy_proportional_035bps_sensitivity,validation,108,0.4166666666666667,-428.75,270.0,270.0,260.1567937500001,-1228.90679375,-11.378766608796296,52,56,9.486035793431313e-06,1.6001284296107013e-05,0,False
mes_directional_h6_ema192_momentum_stop8_target12,flat2_operating_assumption,development,214,0.40654205607476634,73.75,535.0,535.0,856.0,-1852.25,-8.655373831775702,84,130,9.803536625837771e-06,2.0006334005346094e-05,0,False
mes_directional_h6_ema192_momentum_stop8_target12,flat2_operating_assumption,validation,97,0.32989690721649484,-477.5,242.5,242.5,388.0,-1350.5,-13.922680412371134,46,51,9.802551604182568e-06,1.9501909236914294e-05,0,False
mes_directional_h6_ema192_momentum_stop8_target12,legacy_proportional_035bps_sensitivity,development,214,0.411214953271028,73.75,535.0,535.0,518.6282062500002,-1514.87820625,-7.0788701226635515,84,130,9.491860284327566e-06,2.0006202233978168e-05,0,False
mes_directional_h6_ema192_momentum_stop8_target12,legacy_proportional_035bps_sensitivity,validation,97,0.3402061855670103,-477.5,242.5,242.5,233.6572000000001,-1196.1571999999999,-12.331517525773194,46,51,9.485979928198993e-06,1.95024172968681e-05,0,False
mes_directional_h6_ema192_momentum_stop12_target12,flat2_operating_assumption,development,183,0.4644808743169399,-287.5,457.5,457.5,732.0,-1934.5,-10.57103825136612,75,108,1.3805150701726815e-05,2.3757141396703848e-05,0,False
mes_directional_h6_ema192_momentum_stop12_target12,flat2_operating_assumption,validation,74,0.40540540540540543,-447.5,185.0,185.0,296.0,-1113.5,-15.047297297297296,37,37,1.3802720516213746e-05,2.3003414856935514e-05,0,False
mes_directional_h6_ema192_momentum_stop12_target12,legacy_proportional_035bps_sensitivity,development,183,0.46994535519125685,-287.5,457.5,457.5,443.72439999999983,-1646.2244,-8.99576174863388,75,108,1.3492332433364587e-05,2.3757135254779554e-05,0,False
mes_directional_h6_ema192_momentum_stop12_target12,legacy_proportional_035bps_sensitivity,validation,74,0.4189189189189189,-447.5,185.0,185.0,178.34241249999997,-995.8424125,-13.457329898648648,37,37,1.3485753690280105e-05,2.3002397087301796e-05,0,False
mes_directional_h6_ema192_pullback_stop8_target8,flat2_operating_assumption,development,183,0.4426229508196721,-363.75,457.5,457.5,732.0,-2010.75,-10.987704918032787,84,99,9.80383869304026e-06,1.6005033583061872e-05,0,False
mes_directional_h6_ema192_pullback_stop8_target8,flat2_operating_assumption,validation,87,0.42528735632183906,-305.0,217.5,217.5,348.0,-1088.0,-12.505747126436782,46,41,9.802036863260185e-06,1.6002321136680877e-05,0,False
mes_directional_h6_ema192_pullback_stop8_target8,legacy_proportional_035bps_sensitivity,development,183,0.453551912568306,-363.75,457.5,457.5,444.02701875000014,-1722.77701875,-9.414082069672132,84,99,9.4927278592209e-06,1.60050411743341e-05,0,False
mes_directional_h6_ema192_pullback_stop8_target8,legacy_proportional_035bps_sensitivity,validation,87,0.4367816091954023,-305.0,217.5,217.5,209.6892,-949.6892,-10.915967816091955,46,41,9.486148383964418e-06,1.6001602882356174e-05,0,False
mes_directional_h6_ema192_pullback_stop8_target12,flat2_operating_assumption,development,162,0.36419753086419754,-505.0,405.0,405.0,648.0,-1963.0,-12.117283950617283,76,86,9.803748953599857e-06,2.000541046325979e-05,0,False
mes_directional_h6_ema192_pullback_stop8_target12,flat2_operating_assumption,validation,77,0.3246753246753247,-511.25,192.5,192.5,308.0,-1204.25,-15.63961038961039,42,35,9.802264813285109e-06,1.750401804734277e-05,0,False
mes_directional_h6_ema192_pullback_stop8_target12,legacy_proportional_035bps_sensitivity,development,162,0.3765432098765432,-505.0,405.0,405.0,393.10486250000014,-1708.1048625,-10.543857175925927,76,86,9.492602746523123e-06,2.0005520827005353e-05,0,False
mes_directional_h6_ema192_pullback_stop8_target12,legacy_proportional_035bps_sensitivity,validation,77,0.33766233766233766,-511.25,192.5,192.5,185.62805625000001,-1081.8780562499999,-14.050364366883116,42,35,9.486165515694316e-06,1.7504235698705918e-05,0,False
mes_directional_h6_ema192_pullback_stop12_target12,flat2_operating_assumption,development,139,0.43884892086330934,-320.0,347.5,347.5,556.0,-1571.0,-11.302158273381295,64,75,1.380413571906143e-05,2.3755714437107848e-05,0,False
mes_directional_h6_ema192_pullback_stop12_target12,flat2_operating_assumption,validation,62,0.3870967741935484,-362.5,155.0,155.0,248.0,-920.5,-14.846774193548388,34,28,1.380228841941994e-05,2.400315521475298e-05,0,False
mes_directional_h6_ema192_pullback_stop12_target12,legacy_proportional_035bps_sensitivity,development,139,0.45323741007194246,-320.0,347.5,347.5,337.30007500000005,-1352.3000749999999,-9.72877751798561,64,75,1.3492664260957226e-05,2.3755942522677627e-05,0,False
mes_directional_h6_ema192_pullback_stop12_target12,legacy_proportional_035bps_sensitivity,validation,62,0.4032258064516129,-362.5,155.0,155.0,149.50468750000005,-822.0046874999999,-13.258140120967742,34,28,1.3486291572842526e-05,2.400213166656832e-05,0,False
mes_directional_h24_ema48_momentum_stop8_target8,flat2_operating_assumption,development,619,0.47334410339256866,-188.75,1547.5,1547.5,2476.0,-5759.75,-9.304927302100161,289,330,9.811289360102202e-06,1.6018152571401542e-05,0,False
mes_directional_h24_ema48_momentum_stop8_target8,flat2_operating_assumption,validation,259,0.43243243243243246,-488.75,647.5,647.5,1036.0,-2819.75,-10.887065637065637,124,135,9.805433681074368e-06,1.6007312940917057e-05,0,False
mes_directional_h24_ema48_momentum_stop8_target8,legacy_proportional_035bps_sensitivity,development,619,0.48465266558966075,-188.75,1547.5,1547.5,1500.8452812500004,-4784.59528125,-7.729556189418417,289,330,9.49678639423595e-06,1.6014613436677536e-05,0,False
mes_directional_h24_ema48_momentum_stop8_target8,legacy_proportional_035bps_sensitivity,validation,259,0.4362934362934363,-488.75,647.5,647.5,623.93751875,-2407.68751875,-9.296090805984555,124,135,9.491232136982023e-06,1.600704545753652e-05,0,False
mes_directional_h24_ema48_momentum_stop8_target12,flat2_operating_assumption,development,512,0.3984375,-82.5,1280.0,1280.0,2048.0,-4690.5,-9.1611328125,238,274,9.80910677472966e-06,2.0017863941781645e-05,0,False
mes_directional_h24_ema48_momentum_stop8_target12,flat2_operating_assumption,validation,226,0.35398230088495575,-405.0,565.0,565.0,904.0,-2439.0,-10.79203539823009,108,118,9.804686640214022e-06,2.0006525128170553e-05,0,False
mes_directional_h24_ema48_momentum_stop8_target12,legacy_proportional_035bps_sensitivity,development,512,0.412109375,-82.5,1280.0,1280.0,1241.5395999999996,-3884.0396,-7.58601484375,238,274,9.494792136399849e-06,2.0014085773123374e-05,0,False
mes_directional_h24_ema48_momentum_stop8_target12,legacy_proportional_035bps_sensitivity,validation,226,0.3584070796460177,-405.0,565.0,565.0,544.3897374999998,-2079.3897375,-9.200839546460177,108,118,9.490526781484301e-06,2.0005166828528398e-05,0,False
mes_directional_h24_ema48_momentum_stop12_target12,flat2_operating_assumption,development,421,0.45605700712589076,372.5,1052.5,1052.5,1684.0,-3416.5,-8.11520190023753,205,216,1.3809453952175659e-05,2.376091933047832e-05,0,False
mes_directional_h24_ema48_momentum_stop12_target12,flat2_operating_assumption,validation,187,0.39572192513368987,-581.25,467.5,467.5,748.0,-2264.25,-12.108288770053475,92,95,1.3805910310203798e-05,2.3255780224174717e-05,0,False
mes_directional_h24_ema48_momentum_stop12_target12,legacy_proportional_035bps_sensitivity,development,421,0.4655581947743468,372.5,1052.5,1052.5,1021.1960499999997,-2753.69605,-6.540845724465558,205,216,1.3495013276314864e-05,2.3759688603911038e-05,0,False
mes_directional_h24_ema48_momentum_stop12_target12,legacy_proportional_035bps_sensitivity,validation,187,0.40106951871657753,-581.25,467.5,467.5,450.57700624999984,-1966.82700625,-10.517791477272727,92,95,1.3491338808461706e-05,2.3254549864574183e-05,0,False
mes_directional_h24_ema48_pullback_stop8_target8,flat2_operating_assumption,development,358,0.44972067039106145,-161.25,895.0,895.0,1432.0,-3383.25,-9.450418994413408,174,184,9.806531640399089e-06,1.6010003850906238e-05,0,False
mes_directional_h24_ema48_pullback_stop8_target8,flat2_operating_assumption,validation,170,0.40588235294117647,-600.0,425.0,425.0,680.0,-2130.0,-12.529411764705882,90,80,9.80408045828674e-06,1.6003838520669182e-05,0,False
mes_directional_h24_ema48_pullback_stop8_target8,legacy_proportional_035bps_sensitivity,development,358,0.46368715083798884,-161.25,895.0,895.0,868.84179375,-2820.09179375,-7.877351379189943,174,184,9.493594009389798e-06,1.6007721177690206e-05,0,False
mes_directional_h24_ema48_pullback_stop8_target8,legacy_proportional_035bps_sensitivity,validation,170,0.4235294117647059,-600.0,425.0,425.0,409.70133749999997,-1859.7013375,-10.93941963235294,90,80,9.490528162911705e-06,1.6002910537705856e-05,0,False
mes_directional_h24_ema48_pullback_stop8_target12,flat2_operating_assumption,development,317,0.38485804416403785,-182.5,792.5,792.5,1268.0,-3035.5,-9.57570977917981,155,162,9.805853113723582e-06,2.0011584706386528e-05,0,False
mes_directional_h24_ema48_pullback_stop8_target12,flat2_operating_assumption,validation,154,0.35064935064935066,-698.75,385.0,385.0,616.0,-2084.75,-13.537337662337663,85,69,9.803991695218709e-06,1.9253417481602985e-05,0,False
mes_directional_h24_ema48_pullback_stop8_target12,legacy_proportional_035bps_sensitivity,development,317,0.39747634069400634,-182.5,792.5,792.5,769.4269625000006,-2536.9269625,-8.00292417192429,155,162,9.493529217503808e-06,2.0008977419513763e-05,0,False
mes_directional_h24_ema48_pullback_stop8_target12,legacy_proportional_035bps_sensitivity,validation,154,0.36363636363636365,-698.75,385.0,385.0,371.19665624999993,-1839.94665625,-11.947705560064934,85,69,9.490418566145864e-06,1.925243613379161e-05,0,False
mes_directional_h24_ema48_pullback_stop12_target12,flat2_operating_assumption,development,279,0.4336917562724014,-98.75,697.5,697.5,1116.0,-2609.75,-9.35394265232975,140,139,1.3807228774624955e-05,2.350799742072253e-05,0,False
mes_directional_h24_ema48_pullback_stop12_target12,flat2_operating_assumption,validation,139,0.3669064748201439,-955.0,347.5,347.5,556.0,-2206.0,-15.870503597122303,77,62,1.380564996224705e-05,2.4006098749387282e-05,0,False
mes_directional_h24_ema48_pullback_stop12_target12,legacy_proportional_035bps_sensitivity,development,279,0.45161290322580644,-98.75,697.5,697.5,677.2887187499998,-2171.03871875,-7.78150078405018,140,139,1.349458650000861e-05,2.3507499416160042e-05,0,False
mes_directional_h24_ema48_pullback_stop12_target12,legacy_proportional_035bps_sensitivity,validation,139,0.381294964028777,-955.0,347.5,347.5,335.0837875,-1985.0837875,-14.281178327338129,77,62,1.3491743373990302e-05,2.400479122014961e-05,0,False
mes_directional_h24_ema192_momentum_stop8_target8,flat2_operating_assumption,development,170,0.45294117647058824,-275.0,425.0,425.0,680.0,-1805.0,-10.617647058823529,67,103,9.803476803048201e-06,1.600395537757157e-05,0,False
mes_directional_h24_ema192_momentum_stop8_target8,flat2_operating_assumption,validation,74,0.35135135135135137,-691.25,185.0,185.0,296.0,-1357.25,-18.341216216216218,38,36,9.80259033449589e-06,1.600325106045293e-05,0,False
mes_directional_h24_ema192_momentum_stop8_target8,legacy_proportional_035bps_sensitivity,development,170,0.45294117647058824,-275.0,425.0,425.0,411.8151625,-1536.8151625,-9.04008919117647,67,103,9.49214583906678e-06,1.600397060127364e-05,0,False
mes_directional_h24_ema192_momentum_stop8_target8,legacy_proportional_035bps_sensitivity,validation,74,0.36486486486486486,-691.25,185.0,185.0,178.24594375,-1239.49594375,-16.74994518581081,38,36,9.486005062476919e-06,1.600356626978375e-05,0,False
mes_directional_h24_ema192_momentum_stop8_target12,flat2_operating_assumption,development,137,0.36496350364963503,-431.25,342.5,342.5,548.0,-1664.25,-12.147810218978103,54,83,9.803200745043256e-06,2.0004470999268335e-05,0,False
mes_directional_h24_ema192_momentum_stop8_target12,flat2_operating_assumption,validation,65,0.2923076923076923,-586.25,162.5,162.5,260.0,-1171.25,-18.01923076923077,35,30,9.802207947340139e-06,2.00029444334206e-05,0,False
mes_directional_h24_ema192_momentum_stop8_target12,legacy_proportional_035bps_sensitivity,development,137,0.36496350364963503,-431.25,342.5,342.5,332.0028687500001,-1448.25286875,-10.571188822992701,54,83,9.49211720727412e-06,2.0004635390792386e-05,0,False
mes_directional_h24_ema192_momentum_stop8_target12,legacy_proportional_035bps_sensitivity,validation,65,0.3076923076923077,-586.25,162.5,162.5,156.60579375000003,-1067.85579375,-16.428550673076924,35,30,9.485948725701886e-06,2.0002059307233813e-05,0,False
mes_directional_h24_ema192_momentum_stop12_target12,flat2_operating_assumption,development,105,0.42857142857142855,-173.75,262.5,262.5,420.0,-1118.75,-10.654761904761905,44,61,1.380327137531595e-05,2.3754267454148136e-05,0,False
mes_directional_h24_ema192_momentum_stop12_target12,flat2_operating_assumption,validation,50,0.4,-322.5,125.0,125.0,200.0,-772.5,-15.45,29,21,1.3801910184369516e-05,2.2752599484491103e-05,0,False
mes_directional_h24_ema192_momentum_stop12_target12,legacy_proportional_035bps_sensitivity,development,105,0.42857142857142855,-173.75,262.5,262.5,254.53824374999996,-953.28824375,-9.078935654761905,44,61,1.3492493809430933e-05,2.375459005230123e-05,0,False
mes_directional_h24_ema192_momentum_stop12_target12,legacy_proportional_035bps_sensitivity,validation,50,0.42,-322.5,125.0,125.0,120.52652499999995,-693.026525,-13.8605305,29,21,1.3485361191700107e-05,2.2753070371801292e-05,0,False
mes_directional_h24_ema192_pullback_stop8_target8,flat2_operating_assumption,development,121,0.4049586776859504,-518.75,302.5,302.5,484.0,-1607.75,-13.287190082644628,53,68,9.803056102740029e-06,1.600356159263244e-05,0,False
mes_directional_h24_ema192_pullback_stop8_target8,flat2_operating_assumption,validation,59,0.3559322033898305,-500.0,147.5,147.5,236.0,-1031.0,-17.47457627118644,31,28,9.801976078377402e-06,1.550288586220325e-05,0,False
mes_directional_h24_ema192_pullback_stop8_target8,legacy_proportional_035bps_sensitivity,development,121,0.4132231404958678,-518.75,302.5,302.5,293.48326875,-1417.23326875,-11.712671642561983,53,68,9.491959974003695e-06,1.6003765088617737e-05,0,False
mes_directional_h24_ema192_pullback_stop8_target8,legacy_proportional_035bps_sensitivity,validation,59,0.3728813559322034,-500.0,147.5,147.5,142.17883750000004,-937.1788375,-15.884387076271187,31,28,9.486046045732945e-06,1.5503191787481787e-05,0,False
mes_directional_h24_ema192_pullback_stop8_target12,flat2_operating_assumption,development,107,0.308411214953271,-777.5,267.5,267.5,428.0,-1740.5,-16.266355140186917,51,56,9.803316461959081e-06,2.0004773138870935e-05,0,False
mes_directional_h24_ema192_pullback_stop8_target12,flat2_operating_assumption,validation,55,0.3090909090909091,-425.0,137.5,137.5,220.0,-920.0,-16.727272727272727,30,25,9.801802061308972e-06,1.6501905144948983e-05,0,False
mes_directional_h24_ema192_pullback_stop8_target12,legacy_proportional_035bps_sensitivity,development,107,0.3177570093457944,-777.5,267.5,267.5,259.5922875,-1572.0922875,-14.69245128504673,51,56,9.49207658807845e-06,2.0005084208328182e-05,0,False
mes_directional_h24_ema192_pullback_stop8_target12,legacy_proportional_035bps_sensitivity,validation,55,0.32727272727272727,-425.0,137.5,137.5,132.55856250000005,-832.5585625,-15.137428409090909,30,25,9.486012992401741e-06,1.6502408987619913e-05,0,False
mes_directional_h24_ema192_pullback_stop12_target12,flat2_operating_assumption,development,89,0.38202247191011235,-395.0,222.5,222.5,356.0,-1196.0,-13.438202247191011,41,48,1.3803111221269273e-05,2.3754272205856224e-05,0,False
mes_directional_h24_ema192_pullback_stop12_target12,flat2_operating_assumption,validation,45,0.37777777777777777,-337.5,112.5,112.5,180.0,-742.5,-16.5,23,22,1.3801918466666866e-05,2.4002418243638048e-05,0,False
mes_directional_h24_ema192_pullback_stop12_target12,legacy_proportional_035bps_sensitivity,development,89,0.4044943820224719,-395.0,222.5,222.5,215.97904999999997,-1055.97905,-11.864933146067415,41,48,1.3491622412327809e-05,2.3754716276984248e-05,0,False
mes_directional_h24_ema192_pullback_stop12_target12,legacy_proportional_035bps_sensitivity,validation,45,0.4,-337.5,112.5,112.5,108.48617500000002,-670.986175,-14.91080388888889,23,22,1.3485959277372011e-05,2.4001463292354363e-05,0,False
