variant,entry_time,exit_time,entry_index,reason,net_pnl,net_pips,stopped,won,holding_seconds,atr_pips,atr_fast_slow_ratio,ema_slope_atr,distance_from_ema_atr,zscore20,completed_bar_body_fraction,current_quote_spread_pips,current_quote_hour_utc
gbpusd_rsi2_m5_usd500000_unfiltered,2017-01-05T07:15:00+00:00,2017-01-05T07:45:00+00:00,659,stop,-9.37763845728113,-28.952264455946676,True,False,1800,6.6472113913861595,1.1194386029813015,1.265961744986448,4.640863193564362,-0.04952911310229016,-0.23880597014917954,1.0999999999983245,7.25
gbpusd_rsi2_m5_usd500000_unfiltered,2017-01-09T12:50:00+00:00,2017-01-09T13:15:00+00:00,1291,stop,-11.83223560356043,-35.98611801569474,True,False,1500,8.45897744313402,1.1180937421076695,-1.8005134871353452,-7.1471725421026155,-1.0422605362687305,-0.6800000000000889,0.9000000000014552,12.833333333333334
gbpusd_rsi2_m5_usd500000_unfiltered,2017-01-11T14:25:00+00:00,2017-01-11T15:15:00+00:00,1878,stop,-11.486049030186605,-34.795665041461994,True,False,3000,8.187150060617828,1.1316836790583555,-0.9719309815558105,-3.9428234298605718,-0.38065802247365593,-0.7920792079209596,0.8000000000008001,14.416666666666666
gbpusd_rsi2_m5_usd500000_unfiltered,2017-01-12T15:35:00+00:00,2017-01-12T15:50:00+00:00,2180,stop,-13.784398095830795,-42.23161181320709,True,False,900,9.943805986512173,1.0995198810511213,0.7713732011351392,0.984368491008969,-1.8878205258900749,-0.8917748917748572,1.1999999999989797,15.583333333333334
gbpusd_rsi2_m5_usd500000_unfiltered,2017-01-13T11:35:00+00:00,2017-01-13T12:00:00+00:00,2420,stop,-10.32840906675448,-31.527500203768252,True,False,1500,7.3684894480732765,1.13194852995001,1.1929000712492919,3.4643841534461566,-1.910874567073752,-0.6521739130432264,0.8000000000008001,11.583333333333334
gbpusd_rsi2_m5_usd500000_unfiltered,2017-01-16T07:10:00+00:00,2017-01-16T07:20:00+00:00,2655,stop,-10.669843556392385,-32.07046455182562,True,False,600,7.457546402080993,1.0268617282243049,-1.9275508940012696,-8.808467900547411,-3.3094050661319403,-0.7633587786259154,0.9999999999998899,7.166666666666667
gbpusd_rsi2_m5_usd500000_unfiltered,2017-01-20T07:25:00+00:00,2017-01-20T08:00:00+00:00,3807,stop,-8.570199906297793,-26.467572286281015,True,False,2100,6.150974605682154,1.0722021865946467,0.7963428626876745,1.9413783255205026,-1.3086769264505174,-0.7870967741935779,0.5999999999994898,7.416666666666667
gbpusd_rsi2_m5_usd500000_unfiltered,2017-01-26T09:40:00+00:00,2017-01-26T10:25:00+00:00,4984,stop,-12.80901668568178,-40.483617843494876,True,False,2700,9.575026461800414,1.5682682041306857,0.8939367249829159,1.3380224174994253,-1.506250006057494,-0.8214285714285927,0.8999999999992347,9.666666666666666
gbpusd_rsi2_m5_usd500000_unfiltered,2017-01-30T08:05:00+00:00,2017-01-30T08:45:00+00:00,5538,stop,-6.6265205159723095,-20.792345516072512,True,False,2400,4.728618130653395,0.963231291552103,-0.369410057128281,-3.7964816953485783,-2.6225584678748515,-0.385542168674499,0.5999999999994898,8.083333333333334
gbpusd_rsi2_m5_usd500000_unfiltered,2017-01-30T11:20:00+00:00,2017-01-30T12:05:00+00:00,5577,stop,-8.345160391764054,-26.15217922834238,True,False,2700,6.018912219013263,1.0964849759155202,-1.2386921636890436,-4.2624669082188404,0.015785942494158108,-0.636363636363667,0.8000000000008001,11.333333333333334
gbpusd_rsi2_m5_usd500000_unfiltered,2017-01-31T08:50:00+00:00,2017-01-31T09:40:00+00:00,5830,stop,-10.90423343183667,-34.075729474489584,True,False,3000,8.02550963646006,1.3886136316650879,-0.4405149588816294,-1.5677629497160575,0.06368388826281468,-0.3333333333333333,0.700000000000145,8.833333333333334
gbpusd_rsi2_m5_usd500000_unfiltered,2017-01-31T09:45:00+00:00,2017-01-31T10:00:00+00:00,5841,stop,-14.070185373676798,-43.81870250288632,True,False,900,10.43709067389534,1.6344038813309556,-0.44793128242410524,-7.891649394207468,-3.615123952252456,-0.7419354838709331,0.8000000000008001,9.75
gbpusd_rsi2_m5_usd500000_unfiltered,2017-02-02T10:15:00+00:00,2017-02-02T10:45:00+00:00,6415,stop,-11.190396378869817,-35.49126666308219,True,False,1800,8.35110745453163,1.4208888963121675,1.3110975888126626,3.7398373641470335,-1.7418609908727163,-0.4555555555555172,0.8000000000008001,10.25
gbpusd_rsi2_m5_usd500000_unfiltered,2017-02-03T09:00:00+00:00,2017-02-03T09:30:00+00:00,6688,stop,-8.75579399960063,-27.41325610394687,True,False,1800,6.384402480074261,1.2213014208501791,-0.5875045163695949,-2.889735760251863,-1.2048684630123865,-0.7410714285713206,0.5999999999994898,9.0
gbpusd_rsi2_m5_usd500000_unfiltered,2017-02-03T12:50:00+00:00,2017-02-03T13:20:00+00:00,6734,stop,-8.936756456901676,-27.91863935301992,True,False,1800,6.5362777329760595,1.1090357974169933,-1.5696451383876429,-4.747861041656653,0.5108659823031451,-0.9468085106384185,0.5000000000010552,12.833333333333334
gbpusd_rsi2_m5_usd500000_unfiltered,2017-02-07T07:05:00+00:00,2017-02-07T08:05:00+00:00,7229,stop,-7.056924135593628,-21.943172063413023,True,False,3600,4.9683596584422505,1.0470386188954741,-0.4672944972079691,-6.851702145164677,-2.5090317475517008,-0.9491525423727443,0.7999999999985796,7.083333333333333
gbpusd_rsi2_m5_usd500000_unfiltered,2017-02-07T08:10:00+00:00,2017-02-07T08:10:00+00:00,7242,stop,-10.983693787722714,-34.04740789746656,True,False,0,7.770196556246653,1.4860416466735986,-1.1091748102986319,-12.948659963323053,-3.4652783700235306,-0.9675324675324708,1.7000000000000348,8.166666666666666
gbpusd_rsi2_m5_usd500000_unfiltered,2017-02-09T14:35:00+00:00,2017-02-09T15:00:00+00:00,7893,stop,-9.94179548847957,-31.224232061807694,True,False,1500,7.3865287939605615,1.1419338215560066,0.9777989244875929,2.9273140730016327,-1.006103719190734,-0.5737704918030341,0.3999999999981796,14.583333333333334
gbpusd_rsi2_m5_usd500000_unfiltered,2017-02-10T07:30:00+00:00,2017-02-10T07:55:00+00:00,8090,stop,-5.461521421021497,-17.077928145783293,True,False,1500,3.775821315192247,0.8546491743354633,-0.4869029512076294,-2.162058288818658,-0.47355864550829235,-0.31250000000008676,0.700000000000145,7.5
gbpusd_rsi2_m5_usd500000_unfiltered,2017-02-10T11:50:00+00:00,2017-02-10T11:55:00+00:00,8142,stop,-10.894439550011981,-34.002620318389454,True,False,300,7.982546718732885,1.2589235406656778,-0.3394342482259198,-3.8283937096913054,-2.2229087820427953,-0.9829059829058726,0.8000000000008001,11.833333333333334
gbpusd_rsi2_m5_usd500000_unfiltered,2017-02-14T09:15:00+00:00,2017-02-14T09:30:00+00:00,8676,stop,-8.762478432457726,-27.4427761743117,True,False,900,6.3667652553623,1.4236118092318364,0.282126453051543,-0.8512259729279793,-1.1663473540210467,-0.42553191489383313,0.700000000000145,9.25
gbpusd_rsi2_m5_usd500000_unfiltered,2017-02-15T13:00:00+00:00,2017-02-15T13:30:00+00:00,9000,stop,-9.315091608835417,-28.9198746005446,True,False,1800,6.737930602707886,1.252385634398894,-1.5174480521832745,-6.854563961498308,-0.8844325604098926,-0.5999999999999013,0.700000000000145,13.0
gbpusd_rsi2_m5_usd500000_unfiltered,2017-02-17T08:50:00+00:00,2017-02-17T09:00:00+00:00,9516,stop,-6.605399671477209,-20.622540341795844,True,False,600,4.662292390682865,1.098765745299866,-0.219253067005823,-1.6322714768836235,-0.8155373045752066,-0.28888888888891084,0.700000000000145,8.833333333333334
gbpusd_rsi2_m5_usd500000_unfiltered,2017-02-17T09:05:00+00:00,2017-02-17T09:30:00+00:00,9519,stop,-9.659461128267148,-30.101156523113577,True,False,1500,7.007491392977545,1.520798129029244,-0.3295657999504497,-7.137172662276654,-3.7436436217685367,-0.6293436293436148,0.8000000000008001,9.083333333333334
gbpusd_rsi2_m5_usd500000_unfiltered,2017-02-21T07:20:00+00:00,2017-02-21T07:35:00+00:00,10055,stop,-5.472448141827556,-17.032207101859804,True,False,900,3.7153899391135004,0.9951826066298713,-0.29243623912881084,-2.1775014634688885,-1.1241728522696681,-0.9493670886078155,0.8999999999992347,7.333333333333333
gbpusd_rsi2_m5_usd500000_unfiltered,2017-02-27T07:45:00+00:00,2017-02-27T08:15:00+00:00,11174,stop,-7.013924876355563,-21.78237539240858,True,False,1800,4.928437343409979,0.918087617450851,-1.3452539720863663,-5.740810809298458,-0.7362462613637561,-0.5,0.7999999999985796,7.75
gbpusd_rsi2_m5_usd500000_unfiltered,2017-03-01T11:10:00+00:00,2017-03-01T11:15:00+00:00,11780,stop,-9.294046118482024,-28.738547057767544,True,False,300,6.718472160968005,1.1560588208060092,-0.4234940699789092,-3.0282897541285188,-2.010766066403404,-0.7083333333335132,0.5999999999994898,11.166666666666666
gbpusd_rsi2_m5_usd500000_unfiltered,2017-03-01T11:20:00+00:00,2017-03-01T12:10:00+00:00,11782,stop,-11.505248721158551,-35.510026917156026,True,False,3000,8.411845893895954,1.3842365056635912,-0.4953878151144116,-6.9687879417742336,-3.7106876064745538,-0.658064516129024,0.5999999999994898,11.333333333333334
gbpusd_rsi2_m5_usd500000_unfiltered,2017-03-07T13:50:00+00:00,2017-03-07T14:50:00+00:00,12936,stop,-7.554945683867831,-23.03337098740192,True,False,3600,5.2951593274272675,1.085833654233489,-1.499184892315118,-5.782074460152538,-0.45595221633971844,-0.5384615384618012,0.5999999999994898,13.833333333333334
gbpusd_rsi2_m5_usd500000_unfiltered,2017-03-08T07:30:00+00:00,2017-03-08T07:40:00+00:00,13135,stop,-4.967128471287271,-15.148302748665053,True,False,600,3.2487637688986006,1.0503755000087869,-0.18926072984537437,-3.311055853618412,-3.317255583551492,-0.6640625000000406,0.8999999999992347,7.5
gbpusd_rsi2_m5_usd500000_unfiltered,2017-03-09T15:00:00+00:00,2017-03-09T15:15:00+00:00,13504,stop,-11.035452439020418,-33.603691958040244,True,False,900,7.888077072208026,1.348717846435107,0.8023698764979805,2.1369528274281513,-0.9335766841059416,-0.8285714285713621,0.8000000000008001,15.0
gbpusd_rsi2_m5_usd500000_unfiltered,2017-03-20T11:30:00+00:00,2017-03-20T11:55:00+00:00,15449,stop,-7.963300019321003,-24.7153942250807,True,False,1500,5.6868839722097,1.2292321483618587,0.95788769940188,2.8274191071271777,-0.4648902145037411,-0.5254237288137316,0.700000000000145,11.5
gbpusd_rsi2_m5_usd500000_unfiltered,2017-03-20T14:45:00+00:00,2017-03-20T15:55:00+00:00,15488,stop,-7.931891257966647,-24.57215383508875,True,False,4200,5.676461134912601,1.1057708856091173,-0.23190877664151294,-1.3449986599354755,-1.4842463975869225,-0.5432098765432201,0.5999999999994898,14.75
gbpusd_rsi2_m5_usd500000_unfiltered,2017-03-27T13:50:00+00:00,2017-03-27T14:30:00+00:00,16881,stop,-8.784415817164067,-27.65873997847628,True,False,2400,6.444550553888315,1.2188669551076539,2.48648983272577,7.110454552022862,-2.7123412138042804,-0.7407407407408855,0.6000000000017103,13.833333333333334
gbpusd_rsi2_m5_usd500000_unfiltered,2017-03-29T12:05:00+00:00,2017-03-29T12:50:00+00:00,17423,stop,-12.920312755015717,-40.225133110260636,True,False,2700,9.513747383724255,1.3955155470842575,0.2122700499107343,1.407418877991522,0.24115267646231656,-0.7938931297709859,0.8999999999992347,12.083333333333334
gbpusd_rsi2_m5_usd500000_unfiltered,2017-04-03T14:55:00+00:00,2017-04-03T14:55:00+00:00,18299,stop,-9.940869298577667,-31.074927472890487,True,False,0,7.225233876408271,1.1984477516869387,-0.6140593197919989,-2.3725070633796475,-0.268032901583525,-0.7485029940119331,0.9000000000014552,14.916666666666666
gbpusd_rsi2_m5_usd500000_unfiltered,2017-04-06T08:20:00+00:00,2017-04-06T08:25:00+00:00,19061,stop,-6.944839038249028,-21.6755275850469,True,False,300,4.9256254181520305,1.169759037777945,0.19607400728802313,-0.013282086139928106,-0.9901064849240822,-0.37931034482775783,0.700000000000145,8.333333333333334
gbpusd_rsi2_m5_usd500000_unfiltered,2017-04-18T08:30:00+00:00,2017-04-18T09:00:00+00:00,21268,stop,-8.498972849754585,-26.76841842442389,True,False,1800,6.1719536244834945,1.475532810780641,1.3539438155234798,5.59760373615729,0.010251184511434017,-0.4603174603173708,0.7999999999985796,8.5
gbpusd_rsi2_m5_usd500000_unfiltered,2017-04-18T09:05:00+00:00,2017-04-18T09:10:00+00:00,21275,stop,-12.376550399426765,-38.84667419782412,True,False,300,9.092367032302558,1.912978423502094,1.1442021180217667,-4.282837093008008,-3.6583455053221408,-0.8468677494199305,1.2000000000012,9.083333333333334
gbpusd_rsi2_m5_usd500000_unfiltered,2017-04-20T09:55:00+00:00,2017-04-20T10:35:00+00:00,21849,stop,-7.434923157017214,-23.8681321252559,True,False,2400,5.492616272884342,1.1749154483561577,1.5942700463952109,5.994874628291696,-0.3255115364434725,-0.5714285714284959,0.5999999999994898,9.916666666666666
gbpusd_rsi2_m5_usd500000_unfiltered,2017-04-20T10:40:00+00:00,2017-04-20T11:00:00+00:00,21858,stop,-8.124188078189448,-26.030721173308066,True,False,1200,5.983697222730617,1.2383394881464842,1.2953174237012108,0.5742726437157581,-2.421399946268818,-0.8584905660376548,0.7999999999985796,10.666666666666666
gbpusd_rsi2_m5_usd500000_unfiltered,2017-04-21T08:20:00+00:00,2017-04-21T08:30:00+00:00,22113,stop,-9.059600033643047,-29.018577942482533,True,False,600,6.855715560665624,1.6512005649322832,0.48161188072886985,0.4461034812797573,-1.1696137727773432,-0.7093023255813263,0.2999999999997449,8.333333333333334
gbpusd_rsi2_m5_usd500000_unfiltered,2017-04-24T11:45:00+00:00,2017-04-24T12:10:00+00:00,22437,stop,-8.645004410666992,-27.69946943501119,True,False,1500,6.450877889479168,1.0789975873604194,0.5587947444029274,0.9949484395001924,-0.989731955144586,-0.5964912280702301,0.6000000000017103,11.75
gbpusd_rsi2_m5_usd500000_unfiltered,2017-05-01T15:05:00+00:00,2017-05-01T16:05:00+00:00,23885,stop,-6.208356796030374,-20.065794428023185,True,False,3600,4.54041302146197,1.1639773469027728,0.11602254001297524,0.2838143941732885,-0.1425833249965113,-0.5510204081631358,0.5999999999994898,15.083333333333334
gbpusd_rsi2_m5_usd500000_unfiltered,2017-05-09T08:25:00+00:00,2017-05-09T09:15:00+00:00,25505,stop,-6.70981009841978,-21.72865964514177,True,False,3000,4.930760612907498,1.1876144845279848,-0.12917237069273363,-0.006816895180512307,0.2516388946397045,-0.6666666666668208,0.700000000000145,8.416666666666666
gbpusd_rsi2_m5_usd500000_unfiltered,2017-05-10T08:40:00+00:00,2017-05-10T09:00:00+00:00,25792,stop,-7.874269644316092,-25.549220130811456,True,False,1200,5.9104511484938715,1.3491601907964144,1.4366181742503905,5.065038089067279,-0.21574387360871058,-0.6888888888886202,0.5999999999994898,8.666666666666666
gbpusd_rsi2_m5_usd500000_unfiltered,2017-05-10T12:35:00+00:00,2017-05-10T13:50:00+00:00,25839,stop,-7.3010991465813895,-23.643455785561493,True,False,4500,5.4344326515338315,1.0825495199123587,-0.16472952049432343,-0.3127525254516056,0.22315244358986644,-0.5081967213115292,0.5999999999994898,12.583333333333334
gbpusd_rsi2_m5_usd500000_unfiltered,2017-05-11T11:05:00+00:00,2017-05-11T11:40:00+00:00,26107,stop,-12.621603684573408,-40.71485059539809,True,False,2100,9.478325015225174,1.9499185162832298,-0.8835096589659482,-7.290031423341286,-3.286038648143065,-0.43181818181818094,1.500000000000945,11.083333333333334
gbpusd_rsi2_m5_usd500000_unfiltered,2017-05-12T07:00:00+00:00,2017-05-12T07:15:00+00:00,26340,stop,-4.770241328481971,-15.368045517016657,True,False,900,3.3917012137975173,0.9236820690226815,-0.2837845280230811,-2.4417453065503825,-2.6195383339657377,-0.5081967213115292,0.4999999999988347,7.0
gbpusd_rsi2_m5_usd500000_unfiltered,2017-05-16T08:55:00+00:00,2017-05-16T09:05:00+00:00,26926,stop,-11.037097428484637,-35.638028506569704,True,False,600,8.308893062899724,2.0057821873174317,1.1282071965950056,-1.0356945436826004,-3.4839257300426403,-0.5161290322580991,1.100000000000545,8.916666666666666
gbpusd_rsi2_m5_usd500000_unfiltered,2017-05-22T07:05:00+00:00,2017-05-22T07:30:00+00:00,28046,stop,-7.087077911986445,-23.024944483386758,True,False,1500,5.329078388591213,1.3087116399876544,-0.44338446804501985,-2.937265694471177,-0.8815811167739867,-0.9157894736841269,0.3999999999981796,7.083333333333333
gbpusd_rsi2_m5_usd500000_unfiltered,2017-05-23T10:05:00+00:00,2017-05-23T10:30:00+00:00,28365,stop,-7.329306065913463,-23.804176894814756,True,False,1500,5.573959812297362,1.0244709288384173,-0.10405325469985295,-0.6218221598266362,-0.8108141448417295,-0.7901234567901133,0.20000000000131024,10.083333333333334
gbpusd_rsi2_m5_usd500000_unfiltered,2017-05-24T09:35:00+00:00,2017-05-24T10:10:00+00:00,28644,stop,-7.031152025359949,-22.843248945288984,True,False,2100,5.25868091515486,1.230493481073606,0.6383992334665252,3.2698634279918655,0.30360037809873924,-0.5862068965514865,0.4999999999988347,9.583333333333334
gbpusd_rsi2_m5_usd500000_unfiltered,2017-05-25T09:00:00+00:00,2017-05-25T10:10:00+00:00,28923,stop,-10.813649060176644,-35.09785478798002,True,False,4200,8.347684615957514,1.8078297923075037,0.681650220764288,-0.31521855083367506,-2.19350564687467,-0.6833333333332593,0.3999999999981796,9.0
gbpusd_rsi2_m5_usd500000_unfiltered,2017-05-30T15:45:00+00:00,2017-05-30T16:20:00+00:00,29853,stop,-8.884039040114367,-28.58442419599217,True,False,2100,6.7461897906409884,1.1613031616305218,1.055174659202017,3.0358481390913195,-0.9997414817728454,-0.8113207547166333,0.2999999999997449,15.75
gbpusd_rsi2_m5_usd500000_unfiltered,2017-05-31T07:45:00+00:00,2017-05-31T08:35:00+00:00,30044,stop,-9.223084449193706,-29.55169640882315,True,False,3000,6.938996342078715,1.3938644106033782,-0.8170541145232559,-3.0244047628900756,-0.09721182475951021,-0.942028985507195,0.4999999999988347,7.75
gbpusd_rsi2_m5_usd500000_unfiltered,2017-06-06T12:35:00+00:00,2017-06-06T12:35:00+00:00,31233,stop,-7.820197063522717,-25.234582328243683,True,False,0,5.883083990000829,1.1795056340568129,-0.46728284948656307,-2.6019474519742536,-1.2660326947553207,-0.5882352941180056,0.40000000000040004,12.583333333333334
gbpusd_rsi2_m5_usd500000_unfiltered,2017-06-07T15:35:00+00:00,2017-06-07T16:05:00+00:00,31551,stop,-9.455395572775362,-30.639648648008304,True,False,1800,7.208431832117178,1.2214836510328635,1.672121697434256,6.670754929463637,0.08018133041350699,-0.8035714285716905,0.4999999999988347,15.583333333333334
gbpusd_rsi2_m5_usd500000_unfiltered,2017-06-08T08:35:00+00:00,2017-06-08T09:50:00+00:00,31753,stop,-6.8777857518469,-22.30151021999643,True,False,4500,5.148672008519801,1.3053362608918535,1.114700907455959,2.672064068110979,-2.7615181723929543,-0.699999999999963,0.40000000000040004,8.583333333333334
gbpusd_rsi2_m5_usd500000_unfiltered,2017-06-12T09:20:00+00:00,2017-06-12T09:50:00+00:00,32333,stop,-7.977433287413742,-25.38158856956329,True,False,1800,5.9729764465665856,1.0906517924451762,-0.5936238408813925,-4.288195367121353,-2.014885891078979,-0.6764705882353581,0.20000000000131024,9.333333333333334
gbpusd_rsi2_m5_usd500000_unfiltered,2017-06-14T08:05:00+00:00,2017-06-14T08:30:00+00:00,32882,stop,-9.437281127201377,-30.160693918828304,True,False,1500,7.116849569442532,1.5906693393698466,2.059541865124668,6.058692889814,-2.105664247067333,-0.663043478261006,0.40000000000040004,8.083333333333334
gbpusd_rsi2_m5_usd500000_unfiltered,2017-06-15T07:00:00+00:00,2017-06-15T08:05:00+00:00,33154,stop,-5.921513941250726,-18.86433240283761,True,False,3900,4.293337617526689,0.9422935091628721,-0.5427618918157706,-3.4532349116202607,-1.1871619127973114,-0.6571428571427937,0.3999999999981796,7.0
gbpusd_rsi2_m5_usd500000_unfiltered,2017-06-15T08:10:00+00:00,2017-06-15T09:25:00+00:00,33168,stop,-7.651187747957693,-24.343581762512546,True,False,4500,5.738521663886844,1.193346832464922,-0.8733010471648097,-6.457426754136049,-2.1704862654580994,-0.7073170731708154,0.10000000000065512,8.166666666666666
gbpusd_rsi2_m5_usd500000_unfiltered,2017-06-19T14:40:00+00:00,2017-06-19T15:05:00+00:00,33804,stop,-8.412398000371251,-26.850935207057933,True,False,1500,6.289659189836592,1.2278806023895075,-0.8069184602558962,-4.102038029407487,-1.0564057497748294,-0.7777777777779605,0.40000000000040004,14.666666666666666
gbpusd_rsi2_m5_usd500000_unfiltered,2017-06-20T10:10:00+00:00,2017-06-20T10:35:00+00:00,34034,stop,-7.975652148601146,-25.319530630479825,True,False,1500,5.957974186717122,1.244838479385826,-2.0372671974838306,-7.505712119580631,-0.3415533116588052,-0.8571428571427924,0.1999999999990898,10.166666666666666
gbpusd_rsi2_m5_usd500000_unfiltered,2017-06-21T13:20:00+00:00,2017-06-21T14:35:00+00:00,34354,stop,-11.009284263202545,-34.93901702063645,True,False,4500,8.28803146126074,1.2961355484995238,2.2515544004298307,6.529773515670482,-2.1928635629448965,-0.850000000000111,0.4999999999988347,13.333333333333334
gbpusd_rsi2_m5_usd500000_unfiltered,2017-07-03T08:05:00+00:00,2017-07-03T08:30:00+00:00,36548,stop,-8.206778259253072,-26.680033352578256,True,False,1500,6.242768835054272,1.581007458985193,0.1517080261963117,-1.6454484544690489,-1.9934198097348947,-0.6791044776120206,0.40000000000040004,8.083333333333334
gbpusd_rsi2_m5_usd500000_unfiltered,2017-07-10T08:40:00+00:00,2017-07-10T08:55:00+00:00,37957,stop,-6.1041440663096465,-19.67175013312809,True,False,900,4.542635275517404,1.2888970048665576,-0.44855904502253174,-3.6440714467579993,-1.72765298097115,-0.9480519480518919,0.1999999999990898,8.666666666666666
gbpusd_rsi2_m5_usd500000_unfiltered,2017-07-11T12:35:00+00:00,2017-07-11T13:05:00+00:00,38286,stop,-8.177968290359868,-26.372035763817692,True,False,1800,6.2175903066155245,1.5380409629457594,1.1473163760313274,0.25047269081659157,-3.1583750886555353,-0.7147435897436945,0.20000000000131024,12.583333333333334
gbpusd_rsi2_m5_usd500000_unfiltered,2017-07-18T08:20:00+00:00,2017-07-18T08:30:00+00:00,39641,stop,-9.912476808619706,-32.43611521145191,True,False,600,7.705399366841414,1.7292336816050207,1.2192156115593853,-0.1775338878632278,-2.948177988702693,-0.6627450980391901,0.2999999999997449,8.333333333333334
gbpusd_rsi2_m5_usd500000_unfiltered,2017-07-19T07:35:00+00:00,2017-07-19T07:50:00+00:00,39914,stop,-6.578200107003096,-21.44133020535559,True,False,900,4.932450437104427,1.319519839901614,0.05739942691394531,-1.689053661083133,-1.4351254490833638,-0.9577464788732747,0.40000000000040004,7.583333333333333
gbpusd_rsi2_m5_usd500000_unfiltered,2017-07-20T07:20:00+00:00,2017-07-20T07:25:00+00:00,40196,stop,-5.641016757529863,-18.36268475758419,True,False,300,4.163045645994452,1.2594387311091373,-0.24116039631220865,-3.1525961346167652,-2.496383888073317,-0.9324324324322865,0.3999999999981796,7.333333333333333
gbpusd_rsi2_m5_usd500000_unfiltered,2017-07-20T09:10:00+00:00,2017-07-20T09:50:00+00:00,40218,stop,-11.529970180717742,-37.47146630067514,True,False,2400,8.990809003484332,1.8850605738166568,-1.338580716859515,-5.6353068967613895,-0.05885095443447589,-0.619047619047317,0.1999999999990898,9.166666666666666
gbpusd_rsi2_m5_usd500000_unfiltered,2017-07-27T13:05:00+00:00,2017-07-27T14:05:00+00:00,41680,stop,-8.34439785716388,-27.43063069416134,True,False,3600,6.427888899652329,1.1575721704206787,0.8488120132754522,2.827062397451578,-0.49330446116307053,-0.8749999999998073,0.40000000000040004,13.083333333333334
gbpusd_rsi2_m5_usd500000_unfiltered,2017-07-27T14:10:00+00:00,2017-07-27T14:50:00+00:00,41693,stop,-9.657227616199048,-31.673426094454076,True,False,2400,7.589146393738004,1.3012731101124533,0.4753845456726696,-2.440340830013894,-2.3600380600185247,-0.687861271676311,0.0,14.166666666666666
gbpusd_rsi2_m5_usd500000_unfiltered,2017-08-03T11:05:00+00:00,2017-08-03T12:05:00+00:00,43058,stop,-13.303509739373096,-43.81920204009583,True,False,3600,10.474709624861394,1.9745104647221363,0.4637078123577428,-11.269200868216378,-4.173633202862195,-0.9751098096632502,0.5999999999994898,11.083333333333334
gbpusd_rsi2_m5_usd500000_unfiltered,2017-08-04T12:35:00+00:00,2017-08-04T13:45:00+00:00,43360,stop,-10.050340240457356,-32.94113484253476,True,False,4200,7.781263179845341,1.7278937957760714,-0.35967873192060124,-9.841890808697087,-4.173449573379352,-0.769709543568514,0.5000000000010552,12.583333333333334
gbpusd_rsi2_m5_usd500000_unfiltered,2017-08-07T12:20:00+00:00,2017-08-07T12:45:00+00:00,43633,stop,-5.745406889362798,-18.739096181874746,True,False,1500,4.331759782061912,1.0542411902293334,-0.3903500958392874,-4.367613387418342,-3.088160348680176,-0.835443037974463,0.09999999999843467,12.333333333333334
gbpusd_rsi2_m5_usd500000_unfiltered,2017-08-08T12:45:00+00:00,2017-08-08T14:00:00+00:00,43920,stop,-6.506530945956152,-21.180113756367682,True,False,4500,4.867481800955161,1.285826232519045,-0.9041179512373553,-6.445675373428124,-2.4380281330710614,-0.6617647058824297,0.40000000000040004,12.75
gbpusd_rsi2_m5_usd500000_unfiltered,2017-08-08T14:05:00+00:00,2017-08-08T14:25:00+00:00,43936,stop,-7.387167254424637,-23.99989361411513,True,False,1200,5.572864453785005,1.376518149323872,-1.4116593491116538,-10.769985276664169,-3.194498028071265,-0.9677419354838063,0.40000000000040004,14.083333333333334
gbpusd_rsi2_m5_usd500000_unfiltered,2017-08-14T07:30:00+00:00,2017-08-14T08:30:00+00:00,44991,stop,-5.550708504107229,-18.05695674725839,True,False,3600,4.086796474691558,1.0748815147360524,0.19974554464172362,-0.10123224877152212,-1.3871099285299435,-0.5102040816327178,0.40000000000040004,7.5
gbpusd_rsi2_m5_usd500000_unfiltered,2017-08-15T09:35:00+00:00,2017-08-15T10:15:00+00:00,45297,stop,-9.720461197013773,-31.396838491646548,True,False,2400,7.3985076956810305,1.60987968508162,-1.775133847461727,-10.218089391558427,-1.3684193509754867,-0.5897435897436335,0.5000000000010552,9.583333333333334
gbpusd_rsi2_m5_usd500000_unfiltered,2017-08-22T07:15:00+00:00,2017-08-22T08:00:00+00:00,46680,stop,-6.060600552531658,-19.506277928972185,True,False,2700,4.501544036284899,1.4036840129413304,-0.8742222563504883,-6.85329565407238,-2.0849347128624713,-0.5784313725488788,0.1999999999990898,7.25
gbpusd_rsi2_m5_usd500000_unfiltered,2017-08-22T08:55:00+00:00,2017-08-22T09:40:00+00:00,46700,stop,-7.422082780090275,-23.85754670552965,True,False,2700,5.5397335670581835,1.4870933644722244,-1.8803386342749442,-9.390278708063946,-1.0999014917820795,-0.7209302325583317,0.3999999999981796,8.916666666666666
gbpusd_rsi2_m5_usd500000_unfiltered,2017-08-30T12:25:00+00:00,2017-08-30T12:30:00+00:00,48431,stop,-8.37064565483236,-27.036969169355167,True,False,300,6.333489964488381,1.3818054918715523,-0.03980135293966158,-2.5725479608387745,-2.3543810988120986,-0.23749999999991672,0.3999999999981796,12.416666666666666
gbpusd_rsi2_m5_usd500000_unfiltered,2017-09-04T15:50:00+00:00,2017-09-04T16:15:00+00:00,49331,stop,-5.519548326263771,-17.879975141767964,True,False,1500,4.093529558977287,1.023268613377509,0.08597303610486087,-0.8077003424862033,-1.1043846159653254,-0.5999999999992228,0.1999999999990898,15.833333333333334
gbpusd_rsi2_m5_usd500000_unfiltered,2017-09-13T08:00:00+00:00,2017-09-13T08:25:00+00:00,51221,stop,-5.934276155105074,-19.767742022335355,True,False,1500,4.559026571514112,1.107739316342123,1.629754803330639,6.584642193176604,0.07434380043334077,-0.6428571428580492,0.20000000000131024,8.0
gbpusd_rsi2_m5_usd500000_unfiltered,2017-09-13T08:30:00+00:00,2017-09-13T08:45:00+00:00,51227,stop,-7.7041019162594,-25.629081557749167,True,False,900,5.57476100607303,1.2954723064156763,1.5565526950842186,0.9910902535700842,-2.586810798191514,-0.8712871287129018,1.9999999999997797,8.5
gbpusd_rsi2_m5_usd500000_unfiltered,2017-09-13T12:55:00+00:00,2017-09-13T13:55:00+00:00,51280,stop,-7.082461163382988,-23.51414728878814,True,False,3600,5.421495449538563,1.1266463705806045,-0.44768166520154573,-2.810179554762098,-1.6556095651308904,-0.5315315315314396,0.4999999999988347,12.916666666666666
gbpusd_rsi2_m5_usd500000_unfiltered,2017-09-18T07:00:00+00:00,2017-09-18T07:15:00+00:00,52060,stop,-7.914458071393428,-26.910772089063,True,False,900,6.265075924923903,1.2261760003818207,1.0126114970542992,3.7089299889981797,-0.057889365750380756,-0.23376623376634237,0.4999999999988347,7.0
gbpusd_rsi2_m5_usd500000_unfiltered,2017-09-18T14:15:00+00:00,2017-09-18T15:00:00+00:00,52147,stop,-7.875915948031542,-26.716132795222325,True,False,2700,6.266925416195132,0.9474403650167349,-0.2145625844589955,0.3275637094475395,0.5689308058850927,-0.6,0.30000000000196536,14.25
gbpusd_rsi2_m5_usd500000_unfiltered,2017-09-19T08:05:00+00:00,2017-09-19T08:25:00+00:00,52357,stop,-9.51546753245927,-32.17946409353828,True,False,1200,7.658523571709769,1.3502301885628782,0.4376050000311401,-0.7338527375348927,-2.087337305073162,-0.7704918032786408,0.20000000000131024,8.083333333333334
gbpusd_rsi2_m5_usd500000_unfiltered,2017-09-22T13:25:00+00:00,2017-09-22T13:45:00+00:00,53276,stop,-11.600690673599168,-39.32437516474294,True,False,1200,9.41929409147925,1.5509497671668087,0.10578013098779065,-2.733517643500939,-2.7217056638778145,-0.7079207920792602,0.2999999999997449,13.416666666666666
gbpusd_rsi2_m5_usd500000_unfiltered,2017-09-25T07:45:00+00:00,2017-09-25T08:00:00+00:00,53493,stop,-9.514361641975148,-32.23022236441446,True,False,900,7.620854821022834,1.2502749260346728,0.7208287986253147,1.1137615496274769,-1.465219429707669,-0.748571428571546,0.40000000000040004,7.75
gbpusd_rsi2_m5_usd500000_unfiltered,2017-09-25T10:10:00+00:00,2017-09-25T10:50:00+00:00,53522,stop,-9.401076876361302,-31.78186908844253,True,False,2400,7.4842123445430175,1.1536003358511133,-0.1733181639407645,-2.6319355574206815,-2.5634438252643252,-0.8428571428573649,0.5000000000010552,10.166666666666666
gbpusd_rsi2_m5_usd500000_unfiltered,2017-09-25T14:45:00+00:00,2017-09-25T15:35:00+00:00,53577,stop,-8.615616733821804,-29.10681328993853,True,False,3000,6.915612243914278,1.0138406069537818,-0.24548445597166219,-2.3427188968157306,-1.9907180787321477,-0.733333333333284,0.09999999999843467,14.75
gbpusd_rsi2_m5_usd500000_unfiltered,2017-09-25T15:40:00+00:00,2017-09-25T16:20:00+00:00,53588,stop,-12.268551122687617,-41.350020635954216,True,False,2400,9.95209348226089,1.3348016745071485,-0.5345412321763713,-6.119635191340165,-2.090380039084468,-0.7131147540983009,0.1999999999990898,15.666666666666666
gbpusd_rsi2_m5_usd500000_unfiltered,2017-09-26T10:05:00+00:00,2017-09-26T10:30:00+00:00,53802,stop,-8.44613107304163,-28.457314936124092,True,False,1500,6.678875994691277,1.215570440573046,-0.26029303998945336,-2.8619399060843578,-2.3654593680846796,-0.42647058823546696,0.40000000000040004,10.083333333333334
gbpusd_rsi2_m5_usd500000_unfiltered,2017-09-28T07:00:00+00:00,2017-09-28T07:10:00+00:00,54337,stop,-7.785940447777371,-26.057364283056796,True,False,600,6.0554458863709835,1.3055084528730887,-0.911051348197091,-3.211148713489294,0.08715529385918055,-0.7285714285714082,0.4999999999988347,7.0
gbpusd_rsi2_m5_usd500000_unfiltered,2017-09-29T07:05:00+00:00,2017-09-29T07:20:00+00:00,54617,stop,-6.927947007478299,-23.23255200361603,True,False,900,5.348721081142848,1.3267768957219652,-0.3430906009974772,-3.550239374530412,-1.912615477429832,-0.8644067796610648,0.4999999999988347,7.083333333333333
gbpusd_rsi2_m5_usd500000_unfiltered,2017-09-29T13:15:00+00:00,2017-09-29T14:10:00+00:00,54691,stop,-10.719870951891734,-35.912465500474816,True,False,3300,8.619092168345103,1.3352386296039902,-0.4985004793521123,-2.068543295556761,-0.410398803814194,-0.5416666666664739,0.10000000000065512,13.25
gbpusd_rsi2_m5_usd500000_unfiltered,2017-10-02T07:15:00+00:00,2017-10-02T08:20:00+00:00,54895,stop,-7.336642666624921,-24.488126390603874,True,False,3900,5.688738703505844,1.2214492153488352,-1.2497876179382934,-8.016626991257578,-3.1020377446720158,-0.6617647058824297,0.40000000000040004,7.25
gbpusd_rsi2_m5_usd500000_unfiltered,2017-10-02T11:25:00+00:00,2017-10-02T12:15:00+00:00,54945,stop,-8.047412250745447,-26.762262223962246,True,False,3000,6.25814484106059,1.1862072469098806,-2.481378410488535,-11.279197987757836,-2.3294425648793737,-0.8187919463087289,0.40000000000040004,11.416666666666666
gbpusd_rsi2_m5_usd500000_unfiltered,2017-10-03T11:40:00+00:00,2017-10-03T12:20:00+00:00,55230,stop,-7.388935228924567,-24.499122111818856,True,False,2400,5.69308553594926,1.0418179370434908,-0.6031547294670523,-2.782047334374218,-1.0120608101823159,-0.8749999999996035,0.3999999999981796,11.666666666666666
gbpusd_rsi2_m5_usd500000_unfiltered,2017-10-05T07:05:00+00:00,2017-10-05T07:05:00+00:00,55746,stop,-7.514647853081416,-24.841811084566665,True,False,0,5.804452051964109,1.5531174102717016,-0.7152390532375487,-9.083936493989,-2.9620497935025187,-0.8307692307691572,0.2999999999997449,7.083333333333333
gbpusd_rsi2_m5_usd500000_unfiltered,2017-10-06T12:20:00+00:00,2017-10-06T12:40:00+00:00,56093,stop,-8.819538193544147,-28.840870482485766,True,False,1200,6.806754482028699,1.3098001961795562,-1.0427000274758988,-4.9269799901958224,-0.8313240098547231,-0.814814814814693,0.2999999999997449,12.333333333333334
gbpusd_rsi2_m5_usd500000_unfiltered,2017-10-09T13:45:00+00:00,2017-10-09T14:55:00+00:00,56397,stop,-5.9408743404733375,-19.54234980418861,True,False,4200,4.5306551489777664,0.9409162917779549,2.368166726147627,5.744497706964514,-2.38529889382156,-0.6627906976743075,0.10000000000065512,13.75
gbpusd_rsi2_m5_usd500000_unfiltered,2017-10-11T14:10:00+00:00,2017-10-11T14:55:00+00:00,56974,stop,-7.291430815520956,-24.08002250832548,True,False,2700,5.589222249860694,1.1514905674846845,0.3668592322163757,0.33347952712597256,-2.020879007685391,-0.5961538461540761,0.40000000000040004,14.166666666666666
gbpusd_rsi2_m5_usd500000_unfiltered,2017-10-12T09:55:00+00:00,2017-10-12T10:35:00+00:00,57205,stop,-7.637039306094998,-25.26311381440621,True,False,2400,5.934590664275079,1.2244838417175365,0.10444336541323992,-2.8499377650029944,-2.398957829329946,-0.7777777777777386,0.20000000000131024,9.916666666666666
gbpusd_rsi2_m5_usd500000_unfiltered,2017-10-12T10:40:00+00:00,2017-10-12T11:00:00+00:00,57214,stop,-11.277571996818255,-37.195158300851766,True,False,1200,8.818388718818843,1.6451780268553122,-0.45393240590536876,-9.546613558857523,-3.1899034180045693,-0.6711711711711673,0.5999999999994898,10.666666666666666
gbpusd_rsi2_m5_usd500000_unfiltered,2017-10-13T08:55:00+00:00,2017-10-13T09:45:00+00:00,57472,stop,-8.617017989502951,-28.69469859974343,True,False,3000,6.766017085534196,1.179453005059324,1.9435443468463813,6.867448004168103,-0.5477288996569543,-0.5161290322578104,0.2999999999997449,8.916666666666666
gbpusd_rsi2_m5_usd500000_unfiltered,2017-10-17T10:45:00+00:00,2017-10-17T11:20:00+00:00,58057,stop,-11.48037387249587,-38.0144830215095,True,False,2100,9.047348537576141,1.5522659899364346,-0.23236377030635982,-4.382362411417727,-2.7197562935432655,-0.47058823529408883,0.5000000000010552,10.75
gbpusd_rsi2_m5_usd500000_unfiltered,2017-10-19T15:30:00+00:00,2017-10-19T16:05:00+00:00,58683,stop,-8.145908460332818,-26.901943396079318,True,False,2100,6.319746415144761,0.9990840482431519,0.28714854463255224,1.7308817476518348,0.3942147359107121,-0.5526315789477375,0.2999999999997449,15.5
gbpusd_rsi2_m5_usd500000_unfiltered,2017-10-23T08:05:00+00:00,2017-10-23T08:15:00+00:00,59166,stop,-6.185590846323095,-20.41449124199041,True,False,600,4.722954363901133,1.1319228001784962,0.6635591931727106,0.42903734433999896,-0.9992427211473678,-0.177777777778019,0.1999999999990898,8.083333333333334
gbpusd_rsi2_m5_usd500000_unfiltered,2017-10-24T13:10:00+00:00,2017-10-24T14:20:00+00:00,59509,stop,-7.516137148912196,-24.764867047486643,True,False,4200,5.786004647035045,1.238193031382624,-1.2059628630200456,-5.466988256516319,-0.46487432786209826,-0.5588235294114958,0.2999999999997449,13.166666666666666
gbpusd_rsi2_m5_usd500000_unfiltered,2017-10-24T14:25:00+00:00,2017-10-24T15:00:00+00:00,59524,stop,-9.070980165037124,-29.838750542885276,True,False,2100,7.029896182088328,1.3757044071235516,-1.4205150942132996,-8.199662957695663,-1.7201054119418389,-0.5873015873015397,0.3999999999981796,14.416666666666666
gbpusd_rsi2_m5_usd500000_unfiltered,2017-10-26T08:40:00+00:00,2017-10-26T09:15:00+00:00,60013,stop,-8.954359571611246,-29.620772648399754,True,False,2100,7.024092505338291,1.4328317873161072,-0.5563962868812715,-6.003304078607445,-2.8499874252126634,-0.592592592592585,0.1999999999990898,8.666666666666666
gbpusd_rsi2_m5_usd500000_unfiltered,2017-11-02T07:35:00+00:00,2017-11-02T07:40:00+00:00,61420,stop,-6.024403099415473,-20.00133831147235,True,False,300,4.593274717483942,1.0692488108750113,0.4315781409327929,-0.8818492867830695,-2.564580843476757,-0.5428571428570975,0.2999999999997449,7.583333333333333
gbpusd_rsi2_m5_usd500000_unfiltered,2017-11-07T11:15:00+00:00,2017-11-07T12:05:00+00:00,62307,stop,-6.472003705314942,-21.28248505529412,True,False,3000,4.890768940736734,1.1523394904303828,-0.33243214552838984,-1.8525051445651561,-1.1070151653144276,-0.9090909090908174,0.40000000000040004,11.25
gbpusd_rsi2_m5_usd500000_unfiltered,2017-11-08T11:55:00+00:00,2017-11-08T12:10:00+00:00,62603,stop,-7.460025635698559,-24.49122007780223,True,False,900,5.7933990384172525,1.294959608576566,-1.3723654133254,-6.513733146288286,-1.1359053390608915,-0.5802469135802266,0.0,11.916666666666666
gbpusd_rsi2_m5_usd500000_unfiltered,2017-11-09T08:25:00+00:00,2017-11-09T08:55:00+00:00,62843,stop,-5.858625722958723,-19.25912466455859,True,False,1800,4.435028392133539,1.190360171292933,1.1923017913024252,3.243031200863848,-1.1386475899935997,-0.29032258064488403,0.20000000000131024,8.416666666666666
gbpusd_rsi2_m5_usd500000_unfiltered,2017-11-09T09:00:00+00:00,2017-11-09T09:15:00+00:00,62850,stop,-6.352207934151941,-20.847416915497014,True,False,900,4.807442614366271,1.2561746694594005,0.9957868353671006,-1.8539558747505227,-2.7197676975454597,-0.912698412698533,0.2999999999997449,9.0
gbpusd_rsi2_m5_usd500000_unfiltered,2017-11-10T07:10:00+00:00,2017-11-10T07:20:00+00:00,63114,stop,-6.001304971409138,-19.72167259746677,True,False,600,4.475749925615036,1.2386054582020642,0.47170618386609275,-2.1480848238212835,-2.2889825477108863,-0.7684210526314658,0.4999999999988347,7.166666666666667
gbpusd_rsi2_m5_usd500000_unfiltered,2017-11-13T07:10:00+00:00,2017-11-13T07:50:00+00:00,63399,stop,-5.378327057044074,-17.639642692830677,True,False,2400,4.00567399679812,1.0344352885863395,-1.5595834597909843,-9.834945080661345,-2.0143981797071664,-0.8888888888887861,0.2999999999997449,7.166666666666667
gbpusd_rsi2_m5_usd500000_unfiltered,2017-11-15T09:45:00+00:00,2017-11-15T09:50:00+00:00,63997,stop,-12.60665368016971,-41.56496432630963,True,False,300,9.985986966121947,1.8203054997915775,1.6239793243334024,4.326620306904158,-1.2719437274425638,-0.7079646017699541,0.2999999999997449,9.75
gbpusd_rsi2_m5_usd500000_unfiltered,2017-11-16T07:15:00+00:00,2017-11-16T07:15:00+00:00,64254,stop,-5.0966945624253475,-16.787531496789683,True,False,0,3.7916429567016534,1.021574764734799,0.31645531789884895,-1.6555229844628758,-2.3023957549516383,-0.9081632653061987,0.2999999999997449,7.25
gbpusd_rsi2_m5_usd500000_unfiltered,2017-11-17T10:50:00+00:00,2017-11-17T10:55:00+00:00,64584,stop,-8.276091140397188,-27.413352568390817,True,False,300,6.4218856580961186,1.2579442530957086,1.2701188608321656,2.9578102784772935,-1.882977261539038,-0.7288135593218042,0.40000000000040004,10.833333333333334
gbpusd_rsi2_m5_usd500000_unfiltered,2017-11-27T14:15:00+00:00,2017-11-27T15:05:00+00:00,66317,stop,-8.013471960504544,-26.809876080644173,True,False,3000,6.29368192402906,1.3108246769358416,1.5173686115960074,6.956520962031189,0.33669258478138536,-0.9166666666670522,0.2999999999997449,14.25
gbpusd_rsi2_m5_usd500000_unfiltered,2017-12-01T12:25:00+00:00,2017-12-01T13:35:00+00:00,67431,stop,-7.876800044658419,-26.60182385902877,True,False,4200,6.2394374700694115,0.9662110089587641,-0.4461235530115184,-1.679981721445532,-0.22186834109205353,-0.34848484848472105,0.2999999999997449,12.416666666666666
gbpusd_rsi2_m5_usd500000_unfiltered,2017-12-05T07:30:00+00:00,2017-12-05T07:50:00+00:00,67935,stop,-7.105030254780734,-23.882454637918432,True,False,1200,5.535747410639145,1.1296314618279042,-0.844747488251687,-7.425450917712464,-1.379795530294304,-0.612244897959267,0.40000000000040004,7.5
gbpusd_rsi2_m5_usd500000_unfiltered,2017-12-07T11:35:00+00:00,2017-12-07T11:55:00+00:00,68553,stop,-11.852634657647409,-39.65418085529411,True,False,1200,9.45487750953689,1.8175056283030788,0.41978997582574384,-2.3413734096893273,-2.0059432083096818,-0.49275362318835914,0.4999999999988347,11.583333333333334
gbpusd_rsi2_m5_usd500000_unfiltered,2017-12-08T12:05:00+00:00,2017-12-08T12:15:00+00:00,68837,stop,-9.010329375822028,-30.317393592940874,True,False,600,7.119221695995278,0.936344475311464,-0.02813655202619076,-2.437291409259275,-2.7214598057352584,-0.6571428571427242,0.4999999999988347,12.083333333333334
gbpusd_rsi2_m5_usd500000_unfiltered,2017-12-11T07:30:00+00:00,2017-12-11T07:40:00+00:00,69067,stop,-6.610746976301444,-22.19116138402633,True,False,600,5.213215558551712,1.16167784461459,0.13076635375479942,1.8847487901756472,0.4872976419602825,-0.7820512820512784,0.0,7.5
gbpusd_rsi2_m5_usd500000_unfiltered,2017-12-11T07:50:00+00:00,2017-12-11T08:15:00+00:00,69071,stop,-7.523283394495616,-25.212075718819086,True,False,1500,5.8938345889158885,1.27342034822568,0.17513929974900458,-2.685876652192542,-1.9556506399374893,0.0,0.2999999999997449,7.833333333333333
gbpusd_rsi2_m5_usd500000_unfiltered,2017-12-11T10:00:00+00:00,2017-12-11T10:10:00+00:00,69097,stop,-7.89895074826508,-26.426733851673067,True,False,600,6.172893014174333,1.1874581150070302,-1.3046093051195469,-5.238347374631873,-0.29617887459314235,-0.0606060606064684,0.40000000000040004,10.0
gbpusd_rsi2_m5_usd500000_unfiltered,2017-12-12T09:55:00+00:00,2017-12-12T10:25:00+00:00,69378,stop,-10.99060556226752,-36.708769413051165,True,False,1800,8.768873388831558,1.8637010585953435,0.22426095458353806,-0.1952636496690774,-0.782975842032911,-0.7816901408452004,0.30000000000196536,9.916666666666666
gbpusd_rsi2_m5_usd500000_unfiltered,2017-12-14T10:20:00+00:00,2017-12-14T10:30:00+00:00,69944,stop,-9.43412585480178,-31.722010271693946,True,False,600,7.495559662511893,1.3754299179456302,1.3537091498622567,4.572202954770258,-0.523308916449029,-0.8333333333335536,0.40000000000040004,10.333333333333334
gbpusd_rsi2_m5_usd500000_unfiltered,2017-12-15T11:55:00+00:00,2017-12-15T12:35:00+00:00,70246,stop,-8.878623829136712,-29.764075860330916,True,False,2400,7.006827204035473,1.35824503679861,-0.7950848212146697,-6.360069582866604,-2.8681714984807627,-0.8421052631578684,0.40000000000040004,11.916666666666666
gbpusd_rsi2_m5_usd500000_unfiltered,2017-12-15T12:40:00+00:00,2017-12-15T13:40:00+00:00,70255,stop,-9.894508696466177,-33.10307359138901,True,False,3600,7.892039869242716,1.4444080829132022,-1.2375459148824828,-9.816148553729322,-2.006723953917252,-0.4577114427860702,0.20000000000131024,12.666666666666666
