timestamp,open,high,low,close,volume,spread_points,source_bar_count
2024-10-15T00:00:00Z,1.09122658,1.09194148,1.08849466,1.08861303,0.0,,24
2024-10-16T00:00:00Z,1.08861303,1.09027469,1.08565843,1.08613014,0.0,,24
2024-10-17T00:00:00Z,1.08613014,1.08707464,1.08154881,1.08318889,0.0,,24
2024-10-21T00:00:00Z,1.08719289,1.08719289,1.08143175,1.08189976,0.0,,24
2024-10-22T00:00:00Z,1.08178282,1.08401084,1.07956386,1.07991362,0.0,,24
2024-10-23T00:00:00Z,1.07991362,1.08096421,1.07654214,1.07828343,0.0,,24
2024-10-24T00:00:00Z,1.07828343,1.08365846,1.07735395,1.08260262,0.0,,24
2024-10-28T00:00:00Z,1.07991362,1.08295429,1.07851589,1.08189976,0.0,,24
2024-10-29T00:00:00Z,1.08189976,1.08295429,1.07723796,1.08225107,0.0,,24
2024-10-30T00:00:00Z,1.08236825,1.08742929,1.08131492,1.08613014,0.0,,24
2024-10-31T00:00:00Z,1.08613014,1.08908737,1.08471632,1.08873165,0.0,,24
2024-11-04T00:00:00Z,1.08754754,1.09170306,1.08731103,1.08766592,0.0,,24
2024-11-05T00:00:00Z,1.08766592,1.09397221,1.08754754,1.09337413,0.0,,24
2024-11-06T00:00:00Z,1.09337413,1.0934937,1.06860435,1.07342207,0.0,,24
2024-11-07T00:00:00Z,1.07353723,1.08295429,1.0715816,1.07979703,0.0,,24
2024-11-11T00:00:00Z,1.0715816,1.07307649,1.06349039,1.06643915,0.0,,24
2024-11-12T00:00:00Z,1.06655288,1.06678045,1.05977106,1.06190932,0.0,,24
2024-11-13T00:00:00Z,1.06190932,1.06541657,1.05585468,1.05674732,0.0,,24
2024-11-14T00:00:00Z,1.05685902,1.05820107,1.0503099,1.05307496,0.0,,24
2024-11-18T00:00:00Z,1.05396283,1.06100798,1.05340779,1.05977106,0.0,,24
2024-11-19T00:00:00Z,1.05977106,1.06112051,1.05296409,1.06089532,0.0,,24
2024-11-20T00:00:00Z,1.06100798,1.06123316,1.05108261,1.05485225,0.0,,24
2024-11-21T00:00:00Z,1.05485225,1.05574322,1.04657245,1.04712045,0.0,,24
2024-11-25T00:00:00Z,1.0481081,1.0532968,1.04525971,1.04635346,0.0,,24
2024-11-26T00:00:00Z,1.04460466,1.05474114,1.04307914,1.04942811,0.0,,24
2024-11-27T00:00:00Z,1.04953825,1.05898547,1.04766893,1.05652404,0.0,,24
2024-11-28T00:00:00Z,1.05652404,1.05652404,1.05307496,1.05641246,0.0,,24
2024-12-02T00:00:00Z,1.05474114,1.05474114,1.04646289,1.0503099,0.0,,24
2024-12-03T00:00:00Z,1.0503099,1.05362976,1.04843783,1.05130363,0.0,,24
2024-12-04T00:00:00Z,1.05130363,1.05451858,1.04766893,1.05152476,0.0,,24
2024-12-05T00:00:00Z,1.05152476,1.05920982,1.05108261,1.0588733,0.0,,24
2024-12-09T00:00:00Z,1.05685902,1.05965877,1.05351877,1.05574322,0.0,,24
2024-12-10T00:00:00Z,1.05563176,1.05708253,1.05019951,1.05340779,0.0,,24
2024-12-11T00:00:00Z,1.05340779,1.05418515,1.04832792,1.05086172,0.0,,24
2024-12-12T00:00:00Z,1.05086172,1.0532968,1.04613447,1.04766893,0.0,,24
2024-12-16T00:00:00Z,1.05119312,1.05252075,1.04799831,1.05196714,0.0,,24
2024-12-17T00:00:00Z,1.05196714,1.05340779,1.04821801,1.04975855,0.0,,24
2024-12-18T00:00:00Z,1.04975855,1.05152476,1.03466117,1.03530383,0.0,,24
2024-12-19T00:00:00Z,1.03541112,1.04253542,1.03541112,1.03659165,0.0,,24
2024-12-23T00:00:00Z,1.0437324,1.04482293,1.03874516,1.04079938,0.0,,24
2024-12-24T00:00:00Z,1.04069102,1.04123282,1.03863728,1.0397172,0.0,,24
2024-12-26T00:00:00Z,1.04014981,1.04329681,1.03939295,1.04242682,0.0,,24
2024-12-30T00:00:00Z,1.04329681,1.04602516,1.03777504,1.04079938,0.0,,24
2025-01-02T00:00:00Z,1.03541112,1.03777504,1.02375102,1.02701044,0.0,,24
2025-01-06T00:00:00Z,1.03071535,1.0437324,1.0298661,1.03863728,0.0,,24
2025-01-07T00:00:00Z,1.03863728,1.04362345,1.03412616,1.03466117,0.0,,24
2025-01-08T00:00:00Z,1.03444707,1.03605473,1.02785492,1.03167236,0.0,,24
2025-01-09T00:00:00Z,1.03167236,1.03241789,1.02880657,1.0299722,0.0,,24
2025-01-13T00:00:00Z,1.02469516,1.02785492,1.01822627,1.02669406,0.0,,24
2025-01-14T00:00:00Z,1.0264833,1.03114045,1.0241704,1.03082156,0.0,,24
2025-01-15T00:00:00Z,1.03082156,1.03519666,1.02701044,1.02976012,0.0,,24
2025-01-16T00:00:00Z,1.0298661,1.03177881,1.02669406,1.0303967,0.0,,24
2025-01-20T00:00:00Z,1.02848911,1.04351461,1.0281719,1.04231811,0.0,,24
2025-01-21T00:00:00Z,1.04242682,1.0437324,1.03455412,1.04090774,0.0,,24
2025-01-22T00:00:00Z,1.04112446,1.04591572,1.04036617,1.04112446,0.0,,24
2025-01-23T00:00:00Z,1.04112446,1.04405928,1.03885317,1.04177511,0.0,,24
2025-01-27T00:00:00Z,1.04712045,1.05351877,1.04329681,1.04471374,0.0,,24
2025-01-28T00:00:00Z,1.04395032,1.04580629,1.04177511,1.04307914,0.0,,24
2025-01-29T00:00:00Z,1.04297042,1.04460466,1.03863728,1.04275286,0.0,,24
2025-01-30T00:00:00Z,1.04264414,1.046682,1.03874516,1.03993344,0.0,,24
2025-02-03T00:00:00Z,1.02469516,1.03519666,1.02155483,1.03295112,0.0,,24
2025-02-04T00:00:00Z,1.03327131,1.03896105,1.02796054,1.03745198,0.0,,24
2025-02-05T00:00:00Z,1.03766727,1.04405928,1.03734446,1.04036617,0.0,,24
2025-02-06T00:00:00Z,1.04036617,1.04069102,1.03573275,1.03885317,0.0,,24
2025-02-10T00:00:00Z,1.03124678,1.03380549,1.03007829,1.0303967,0.0,,24
2025-02-11T00:00:00Z,1.03029048,1.03874516,1.02954805,1.03669918,0.0,,24
2025-02-12T00:00:00Z,1.03669918,1.04318798,1.03209817,1.03939295,0.0,,24
2025-02-13T00:00:00Z,1.03950107,1.0481081,1.03809822,1.04635346,0.0,,24
2025-02-17T00:00:00Z,1.04909778,1.05086172,1.04701078,1.04876769,0.0,,24
2025-02-18T00:00:00Z,1.04876769,1.04887772,1.04395032,1.04504132,0.0,,24
2025-02-19T00:00:00Z,1.04504132,1.04646289,1.04036617,1.04231811,0.0,,24
2025-02-20T00:00:00Z,1.04242682,1.05075133,1.04220951,1.0503099,0.0,,24
2025-02-24T00:00:00Z,1.04766893,1.05307496,1.04558766,1.04635346,0.0,,24
2025-02-25T00:00:00Z,1.04646289,1.05252075,1.04602516,1.05229926,0.0,,24
2025-02-26T00:00:00Z,1.05229926,1.05274248,1.04777873,1.04898775,0.0,,24
2025-02-27T00:00:00Z,1.04909778,1.04909778,1.03939295,1.0397172,0.0,,24
2025-03-03T00:00:00Z,1.04123282,1.05019951,1.03928494,1.04865777,0.0,,24
2025-03-04T00:00:00Z,1.04865777,1.06405616,1.04744947,1.06258631,0.0,,24
2025-03-05T00:00:00Z,1.06224775,1.07991362,1.06055784,1.07968044,0.0,,24
2025-03-06T00:00:00Z,1.07979703,1.08530498,1.07712197,1.07909787,0.0,,24
2025-03-10T00:00:00Z,1.08624816,1.08754754,1.08084738,1.08412838,0.0,,24
2025-03-11T00:00:00Z,1.08424592,1.09505033,1.08389342,1.09170306,0.0,,24
2025-03-12T00:00:00Z,1.09170306,1.09325469,1.08802092,1.08885014,0.0,,24
2025-03-13T00:00:00Z,1.08885014,1.09003711,1.08260262,1.08577633,0.0,,24
2025-03-17T00:00:00Z,1.08837616,1.09301567,1.08731103,1.09218001,0.0,,24
2025-03-18T00:00:00Z,1.09218001,1.09577036,1.08968079,1.09421158,0.0,,24
2025-03-19T00:00:00Z,1.09421158,1.09481061,1.08660221,1.09146476,0.0,,24
2025-03-20T00:00:00Z,1.09158385,1.09206069,1.08201683,1.08589423,0.0,,24
2025-03-24T00:00:00Z,1.08377588,1.08601224,1.07851589,1.08049703,0.0,,24
2025-03-25T00:00:00Z,1.08049703,1.08330631,1.07816708,1.0789814,0.0,,24
2025-03-26T00:00:00Z,1.07909787,1.08049703,1.07365251,1.07446003,0.0,,24
2025-03-27T00:00:00Z,1.07446003,1.08225107,1.07446003,1.08038032,0.0,,24
2025-03-31T00:00:00Z,1.0827198,1.08506942,1.0787487,1.08201683,0.0,,24
2025-04-01T00:00:00Z,1.08213401,1.08330631,1.07816708,1.07979703,0.0,,24
2025-04-02T00:00:00Z,1.07979703,1.09146476,1.07851589,1.09075046,0.0,,24
2025-04-03T00:00:00Z,1.09039366,1.11383379,1.08837616,1.10472822,0.0,,24
2025-04-07T00:00:00Z,1.09817708,1.10485029,1.09051251,1.09182227,0.0,,24
2025-04-08T00:00:00Z,1.09206069,1.09938431,1.08956194,1.09793591,0.0,,24
2025-04-09T00:00:00Z,1.09805644,1.10938537,1.09241855,1.09541023,0.0,,24
2025-04-10T00:00:00Z,1.09553027,1.12637985,1.09553027,1.12637985,0.0,,24
2025-04-14T00:00:00Z,1.13468742,1.14246547,1.13007128,1.13404405,0.0,,24
2025-04-15T00:00:00Z,1.13391542,1.13791537,1.12688756,1.12956059,0.0,,24
2025-04-16T00:00:00Z,1.12968814,1.14155257,1.12968814,1.13986087,0.0,,24
2025-04-17T00:00:00Z,1.13999093,1.13999093,1.13442993,1.13765645,0.0,,24
2025-04-21T00:00:00Z,1.14573789,1.15754139,1.14573789,1.15154314,0.0,,24
2025-04-22T00:00:00Z,1.1512779,1.15500116,1.13109374,1.13533151,0.0,,24
2025-04-23T00:00:00Z,1.1354605,1.14429569,1.13109374,1.13327289,0.0,,24
2025-04-24T00:00:00Z,1.13288772,1.14012086,1.13250279,1.13752699,0.0,,24
2025-04-28T00:00:00Z,1.13494492,1.14285719,1.13352978,1.14116168,0.0,,24
2025-04-29T00:00:00Z,1.14129186,1.1422044,1.13752699,1.13934147,0.0,,24
2025-04-30T00:00:00Z,1.13934147,1.14025092,1.13224638,1.13263106,0.0,,24
2025-05-01T00:00:00Z,1.13288772,1.13430119,1.12701452,1.12994349,0.0,,24
2025-05-05T00:00:00Z,1.13237464,1.13675117,1.13019884,1.13160574,0.0,,24
2025-05-06T00:00:00Z,1.13147771,1.138304,1.12828612,1.13430119,0.0,,24
2025-05-07T00:00:00Z,1.13430119,1.13804483,1.12968814,1.13083792,0.0,,24
2025-05-08T00:00:00Z,1.13058221,1.13391542,1.12157917,1.1228385,0.0,,24
2025-05-12T00:00:00Z,1.12334299,1.12447989,1.10705197,1.10987794,0.0,,24
2025-05-13T00:00:00Z,1.11000109,1.11994624,1.11000109,1.11906898,0.0,,24
2025-05-14T00:00:00Z,1.11906898,1.1267606,1.11681926,1.11856818,0.0,,24
2025-05-15T00:00:00Z,1.11844313,1.12309074,1.1174432,1.11957014,0.0,,24
2025-05-19T00:00:00Z,1.11931944,1.12905049,1.117818,1.12359548,0.0,,24
2025-05-20T00:00:00Z,1.12346923,1.12917805,1.12220848,1.12917805,0.0,,24
2025-05-21T00:00:00Z,1.12930548,1.13636363,1.12905049,1.13352978,0.0,,24
2025-05-22T00:00:00Z,1.13365829,1.13481617,1.12612617,1.12854075,0.0,,24
2025-05-26T00:00:00Z,1.13817441,1.1422044,1.1372683,1.13921165,0.0,,24
2025-05-27T00:00:00Z,1.13921165,1.1410315,1.13275945,1.13391542,0.0,,24
2025-05-28T00:00:00Z,1.13417268,1.13481617,1.12195671,1.12309074,0.0,,24
2025-05-29T00:00:00Z,1.12296462,1.13869274,1.12296462,1.13804483,0.0,,24
2025-06-02T00:00:00Z,1.13571835,1.14573789,1.13571835,1.14573789,0.0,,24
2025-06-03T00:00:00Z,1.14560664,1.14573789,1.1368804,1.13869274,0.0,,24
2025-06-04T00:00:00Z,1.13869274,1.14377213,1.13623452,1.14246547,0.0,,24
2025-06-05T00:00:00Z,1.14246547,1.14968967,1.14090133,1.14573789,0.0,,24
2025-06-09T00:00:00Z,1.1410315,1.1441648,1.13908184,1.14298785,0.0,,24
2025-06-10T00:00:00Z,1.14272654,1.14508188,1.13778591,1.14403379,0.0,,24
2025-06-11T00:00:00Z,1.14390302,1.1516757,1.14090133,1.1512779,0.0,,24
2025-06-12T00:00:00Z,1.1512779,1.16346717,1.15048325,1.16103566,0.0,,24
2025-06-16T00:00:00Z,1.15393496,1.16171002,1.15273774,1.1556685,0.0,,24
2025-06-17T00:00:00Z,1.15540159,1.15767539,1.14784205,1.14797378,0.0,,24
2025-06-18T00:00:00Z,1.14863312,1.15300357,1.14626324,1.14797378,0.0,,24
2025-06-19T00:00:00Z,1.14797378,1.15154314,1.14508188,1.15154314,0.0,,24
2025-06-23T00:00:00Z,1.15048325,1.16117048,1.14573789,1.16009283,0.0,,24
2025-06-24T00:00:00Z,1.16022742,1.16414428,1.15861428,1.16157508,0.0,,24
2025-06-25T00:00:00Z,1.16144013,1.16877043,1.15942025,1.16877043,0.0,,24
2025-06-26T00:00:00Z,1.16877043,1.17453599,1.16726971,1.16959059,0.0,,24
2025-06-30T00:00:00Z,1.17315817,1.17938435,1.17123449,1.17896724,0.0,,24
2025-07-01T00:00:00Z,1.17938435,1.18315196,1.17647052,1.18091631,0.0,,24
2025-07-02T00:00:00Z,1.18077695,1.18133497,1.17495,1.18021953,0.0,,24
2025-07-03T00:00:00Z,1.18035889,1.18133497,1.172333,1.17744017,0.0,,24
2025-07-07T00:00:00Z,1.17841148,1.17924535,1.16904366,1.17412233,0.0,,24
2025-07-08T00:00:00Z,1.17412233,1.17674744,1.16863382,1.1726079,0.0,,24
2025-07-09T00:00:00Z,1.17274535,1.17426026,1.16945386,1.17426026,0.0,,24
2025-07-10T00:00:00Z,1.17398453,1.17522621,1.16699731,1.17041206,0.0,,24
2025-07-14T00:00:00Z,1.16877043,1.17000115,1.16590881,1.16686118,0.0,,24
2025-07-15T00:00:00Z,1.16686118,1.16959059,1.15968919,1.16103566,0.0,,24
2025-07-16T00:00:00Z,1.16130531,1.17192078,1.15673804,1.16387331,0.0,,24
2025-07-17T00:00:00Z,1.16387331,1.16387331,1.1568718,1.16184497,0.0,,24
2025-07-21T00:00:00Z,1.16333175,1.17192078,1.16184497,1.16972744,0.0,,24
2025-07-22T00:00:00Z,1.16959059,1.17633224,1.16822433,1.17412233,0.0,,24
2025-07-23T00:00:00Z,1.17426026,1.17827272,1.17150891,1.17771757,0.0,,24
2025-07-24T00:00:00Z,1.17771757,1.17910624,1.17370892,1.17577899,0.0,,24
2025-07-28T00:00:00Z,1.17605543,1.17744017,1.15874863,1.15995824,0.0,,24
2025-07-29T00:00:00Z,1.15995824,1.16022742,1.15233922,1.15540159,0.0,,24
2025-07-30T00:00:00Z,1.15540159,1.15754139,1.14051092,1.14311838,0.0,,24
2025-07-31T00:00:00Z,1.14311838,1.14626324,1.1410315,1.14246547,0.0,,24
2025-08-04T00:00:00Z,1.15915155,1.15915155,1.15540159,1.15874863,0.0,,24
2025-08-05T00:00:00Z,1.15888286,1.15915155,1.15326953,1.15821171,0.0,,24
2025-08-06T00:00:00Z,1.15821171,1.16713345,1.1568718,1.1665889,0.0,,24
2025-08-07T00:00:00Z,1.16645288,1.170138,1.16171002,1.16808784,0.0,,24
2025-08-11T00:00:00Z,1.16509378,1.16795146,1.15942025,1.16198003,0.0,,24
2025-08-12T00:00:00Z,1.16184497,1.17000115,1.16022742,1.16808784,0.0,,24
2025-08-13T00:00:00Z,1.16808784,1.17329586,1.16740608,1.17164612,0.0,,24
2025-08-14T00:00:00Z,1.17164612,1.17178345,1.16346717,1.16536534,0.0,,24
2025-08-18T00:00:00Z,1.17096019,1.1713717,1.16536534,1.16699731,0.0,,24
2025-08-19T00:00:00Z,1.16713345,1.16959059,1.16441548,1.16441548,0.0,,24
2025-08-20T00:00:00Z,1.16441548,1.16754234,1.16265559,1.16550124,0.0,,24
2025-08-21T00:00:00Z,1.16563702,1.1665889,1.16063142,1.16171002,0.0,,24
2025-08-25T00:00:00Z,1.17096019,1.172333,1.16063142,1.16171002,0.0,,24
2025-08-26T00:00:00Z,1.16157508,1.16686118,1.16076612,1.16414428,0.0,,24
2025-08-27T00:00:00Z,1.16414428,1.16509378,1.15794349,1.16509378,0.0,,24
2025-08-28T00:00:00Z,1.16509378,1.170138,1.16346717,1.16822433,0.0,,24
2025-09-01T00:00:00Z,1.16931713,1.17398453,1.16918039,1.17178345,0.0,,24
2025-09-02T00:00:00Z,1.17178345,1.17192078,1.16171002,1.16373789,0.0,,24
2025-09-03T00:00:00Z,1.16360259,1.16849732,1.16130531,1.16645288,0.0,,24
2025-09-04T00:00:00Z,1.16631675,1.16726971,1.16346717,1.16604483,0.0,,24
2025-09-08T00:00:00Z,1.17109728,1.17771757,1.17096019,1.177163,0.0,,24
2025-09-09T00:00:00Z,1.177163,1.17827272,1.170138,1.17054892,0.0,,24
2025-09-10T00:00:00Z,1.17041206,1.17343354,1.16918039,1.17068601,0.0,,24
2025-09-11T00:00:00Z,1.17041206,1.17481208,1.16699731,1.17370892,0.0,,24
2025-09-15T00:00:00Z,1.17302048,1.17771757,1.17205811,1.17660904,0.0,,24
2025-09-16T00:00:00Z,1.17674744,1.18821287,1.17605543,1.18736649,0.0,,24
2025-09-17T00:00:00Z,1.18750739,1.19189513,1.18035889,1.18287206,0.0,,24
2025-09-18T00:00:00Z,1.18273211,1.18511498,1.17550254,1.17924535,0.0,,24
2025-09-22T00:00:00Z,1.17384672,1.18119538,1.17302048,1.18035889,0.0,,24
2025-09-23T00:00:00Z,1.18035889,1.18231261,1.17855036,1.18189347,0.0,,24
2025-09-24T00:00:00Z,1.18175375,1.18175375,1.17315817,1.17453599,0.0,,24
2025-09-25T00:00:00Z,1.17453599,1.17577899,1.16509378,1.1665889,0.0,,24
2025-09-29T00:00:00Z,1.17109728,1.1756407,1.17109728,1.17343354,0.0,,24
2025-09-30T00:00:00Z,1.17302048,1.17647052,1.17164612,1.17384672,0.0,,24
2025-10-01T00:00:00Z,1.17370892,1.17813385,1.17192078,1.17357111,0.0,,24
2025-10-02T00:00:00Z,1.17357111,1.17619383,1.16877043,1.17274535,0.0,,24
2025-10-06T00:00:00Z,1.17150891,1.17343354,1.16563702,1.1713717,0.0,,24
2025-10-07T00:00:00Z,1.17123449,1.1713717,1.16522956,1.16563702,0.0,,24
2025-10-08T00:00:00Z,1.16550124,1.16550124,1.16022742,1.16333175,0.0,,24
2025-10-09T00:00:00Z,1.16333175,1.16509378,1.15486777,1.1568718,0.0,,24
2025-10-13T00:00:00Z,1.16049671,1.16333175,1.15620303,1.1568718,0.0,,24
2025-10-14T00:00:00Z,1.15700567,1.16184497,1.15473437,1.16063142,0.0,,24
2025-10-15T00:00:00Z,1.16063142,1.16590881,1.16063142,1.16495812,0.0,,24
2025-10-16T00:00:00Z,1.16482234,1.17027497,1.16468668,1.17027497,0.0,,24
2025-10-20T00:00:00Z,1.16631675,1.16795146,1.16319644,1.16468668,0.0,,24
2025-10-21T00:00:00Z,1.16482234,1.16590881,1.15982366,1.16022742,0.0,,24
2025-10-22T00:00:00Z,1.16022742,1.16252041,1.1580776,1.16103566,0.0,,24
2025-10-23T00:00:00Z,1.16103566,1.16252041,1.15888286,1.1621151,0.0,,24
2025-10-27T00:00:00Z,1.16346717,1.16577291,1.1621151,1.16550124,0.0,,24
2025-10-28T00:00:00Z,1.16536534,1.16713345,1.16292596,1.16590881,0.0,,24
2025-10-29T00:00:00Z,1.16590881,1.16686118,1.15821171,1.16063142,0.0,,24
2025-10-30T00:00:00Z,1.16063142,1.16387331,1.15513456,1.15754139,0.0,,24
2025-11-03T00:00:00Z,1.15326953,1.15446782,1.15088046,1.15220642,0.0,,24
2025-11-04T00:00:00Z,1.15180838,1.1535356,1.14771032,1.14876509,0.0,,24
2025-11-05T00:00:00Z,1.14889705,1.15008628,1.14731526,1.14995396,0.0,,24
2025-11-06T00:00:00Z,1.14982176,1.15553498,1.14968967,1.15513456,0.0,,24
2025-11-10T00:00:00Z,1.1546011,1.15861428,1.15446782,1.15593565,0.0,,24
2025-11-11T00:00:00Z,1.15593565,1.16090083,1.15513456,1.15901721,0.0,,24
2025-11-12T00:00:00Z,1.15901721,1.16036201,1.15660417,1.15942025,0.0,,24
2025-11-13T00:00:00Z,1.15955472,1.16577291,1.15834582,1.16333175,0.0,,24
2025-11-17T00:00:00Z,1.16184497,1.16184497,1.15861428,1.15928578,0.0,,24
2025-11-18T00:00:00Z,1.15928578,1.16103566,1.15754139,1.15834582,0.0,,24
2025-11-19T00:00:00Z,1.15834582,1.15995824,1.15220642,1.15420127,0.0,,24
2025-11-20T00:00:00Z,1.15406811,1.15526807,1.15114534,1.15366864,0.0,,24
2025-11-24T00:00:00Z,1.15114534,1.15526807,1.15061557,1.15220642,0.0,,24
2025-11-25T00:00:00Z,1.15233922,1.15888286,1.15154314,1.15673804,0.0,,24
2025-11-26T00:00:00Z,1.1568718,1.16049671,1.15513456,1.16049671,0.0,,24
2025-11-27T00:00:00Z,1.16049671,1.16171002,1.1580776,1.16022742,0.0,,24
2025-12-01T00:00:00Z,1.16049671,1.16550124,1.15928578,1.16103566,0.0,,24
2025-12-02T00:00:00Z,1.16103566,1.16319644,1.15968919,1.16319644,0.0,,24
2025-12-03T00:00:00Z,1.16319644,1.16808784,1.16319644,1.16699731,0.0,,24
2025-12-04T00:00:00Z,1.16686118,1.16877043,1.16441548,1.16455114,0.0,,24
2025-12-08T00:00:00Z,1.16441548,1.16740608,1.16198003,1.16441548,0.0,,24
2025-12-09T00:00:00Z,1.16441548,1.16590881,1.16198003,1.16319644,0.0,,24
2025-12-10T00:00:00Z,1.16319644,1.17068601,1.16252041,1.17041206,0.0,,24
2025-12-11T00:00:00Z,1.17054892,1.17647052,1.16863382,1.17426026,0.0,,24
2025-12-15T00:00:00Z,1.17412233,1.177163,1.17302048,1.17577899,0.0,,24
2025-12-16T00:00:00Z,1.1756407,1.1806376,1.17439818,1.17522621,0.0,,24
2025-12-17T00:00:00Z,1.17522621,1.17605543,1.1708231,1.17453599,0.0,,24
2025-12-18T00:00:00Z,1.17453599,1.17633224,1.17164612,1.17288303,0.0,,24
2025-12-22T00:00:00Z,1.1713717,1.17730165,1.1713717,1.17688596,0.0,,24
2025-12-23T00:00:00Z,1.17674744,1.18161404,1.17674744,1.17980182,0.0,,24
2025-12-24T00:00:00Z,1.17994094,1.18119538,1.17771757,1.17813385,0.0,,24
2025-12-29T00:00:00Z,1.17785633,1.17924535,1.17536438,1.17757893,0.0,,24
2025-12-30T00:00:00Z,1.17771757,1.17827272,1.17467403,1.17495,0.0,,24
2025-12-31T00:00:00Z,1.17495,1.17619383,1.172333,1.17495,0.0,,24
2026-01-05T00:00:00Z,1.17109728,1.17315817,1.16631675,1.17178345,0.0,,24
2026-01-06T00:00:00Z,1.17192078,1.17481208,1.16863382,1.16918039,0.0,,24
2026-01-07T00:00:00Z,1.16918039,1.17054892,1.16754234,1.16795146,0.0,,24
2026-01-08T00:00:00Z,1.16808784,1.16863382,1.16455114,1.16604483,0.0,,24
2026-01-12T00:00:00Z,1.16279066,1.170138,1.16265559,1.16699731,0.0,,24
2026-01-13T00:00:00Z,1.16713345,1.16808784,1.16387331,1.16455114,0.0,,24
2026-01-14T00:00:00Z,1.16455114,1.16645288,1.16387331,1.16495812,0.0,,24
2026-01-15T00:00:00Z,1.16482234,1.16495812,1.15968919,1.16130531,0.0,,24
2026-01-19T00:00:00Z,1.16279066,1.16563702,1.16117048,1.16427994,0.0,,24
2026-01-20T00:00:00Z,1.16427994,1.17702448,1.16360259,1.17315817,0.0,,24
2026-01-21T00:00:00Z,1.17274535,1.17453599,1.16754234,1.16754234,0.0,,24
2026-01-22T00:00:00Z,1.16767859,1.17647052,1.16767859,1.17577899,0.0,,24
2026-01-26T00:00:00Z,1.18567705,1.19061792,1.18399239,1.18778956,0.0,,24
2026-01-27T00:00:00Z,1.18778956,1.20845926,1.18553638,1.2022121,0.0,,24
2026-01-28T00:00:00Z,1.20235658,1.2029351,1.19061792,1.19803524,0.0,,24
2026-01-29T00:00:00Z,1.19817877,1.19975996,1.19118524,1.19688809,0.0,,24
2026-02-02T00:00:00Z,1.18525541,1.18778956,1.17799497,1.18021953,0.0,,24
2026-02-03T00:00:00Z,1.18021953,1.18315196,1.17841148,1.18189347,0.0,,24
2026-02-04T00:00:00Z,1.18189347,1.18413258,1.17952347,1.18049812,0.0,,24
2026-02-05T00:00:00Z,1.18049812,1.18245232,1.17785633,1.17813385,0.0,,24
2026-02-09T00:00:00Z,1.18301189,1.19289041,1.18203306,1.19061792,0.0,,24
2026-02-10T00:00:00Z,1.19075966,1.19303274,1.18849528,1.18920207,0.0,,24
2026-02-11T00:00:00Z,1.18920207,1.19303274,1.18413258,1.1879307,0.0,,24
2026-02-12T00:00:00Z,1.18778956,1.18934345,1.18567705,1.18708456,0.0,,24
2026-02-16T00:00:00Z,1.18708456,1.18736649,1.18483412,1.18525541,0.0,,24
2026-02-17T00:00:00Z,1.18539596,1.18609893,1.18091631,1.18553638,0.0,,24
2026-02-18T00:00:00Z,1.18553638,1.18567705,1.17841148,1.17924535,0.0,,24
2026-02-19T00:00:00Z,1.17924535,1.1810559,1.17453599,1.177163,0.0,,24
2026-02-23T00:00:00Z,1.18357205,1.18371212,1.17785633,1.17966259,0.0,,24
2026-02-24T00:00:00Z,1.17966259,1.17994094,1.17702448,1.17771757,0.0,,24
2026-02-25T00:00:00Z,1.17785633,1.18189347,1.17744017,1.18189347,0.0,,24
2026-02-26T00:00:00Z,1.18189347,1.18329191,1.17771757,1.1806376,0.0,,24
2026-03-02T00:00:00Z,1.17619383,1.17994094,1.16754234,1.17000115,0.0,,24
2026-03-03T00:00:00Z,1.16972744,1.17096019,1.1535356,1.16157508,0.0,,24
2026-03-04T00:00:00Z,1.16130531,1.16577291,1.15794349,1.16387331,0.0,,24
2026-03-05T00:00:00Z,1.16373789,1.16495812,1.15633678,1.16117048,0.0,,24
2026-03-09T00:00:00Z,1.15260482,1.16482234,1.15114534,1.16198003,0.0,,24
2026-03-10T00:00:00Z,1.16198003,1.16699731,1.16063142,1.16144013,0.0,,24
2026-03-11T00:00:00Z,1.16157508,1.16441548,1.15433455,1.1546011,0.0,,24
2026-03-12T00:00:00Z,1.15446782,1.1568718,1.15114534,1.15260482,0.0,,24
2026-03-16T00:00:00Z,1.1441648,1.15273774,1.14194357,1.15021849,0.0,,24
2026-03-17T00:00:00Z,1.14995396,1.15513456,1.14705205,1.15420127,0.0,,24
2026-03-18T00:00:00Z,1.15406811,1.1556685,1.14521301,1.14665747,0.0,,24
2026-03-19T00:00:00Z,1.14665747,1.16184497,1.14468861,1.1580776,0.0,,24
2026-03-23T00:00:00Z,1.15647042,1.16427994,1.14889705,1.16103566,0.0,,24
2026-03-24T00:00:00Z,1.16103566,1.16306126,1.15633678,1.16171002,0.0,,24
2026-03-25T00:00:00Z,1.16184497,1.16333175,1.15593565,1.15647042,0.0,,24
2026-03-26T00:00:00Z,1.15660417,1.15754139,1.15233922,1.15366864,0.0,,24
2026-03-30T00:00:00Z,1.14955747,1.15247202,1.14481974,1.14586914,0.0,,24
2026-03-31T00:00:00Z,1.14600039,1.15767539,1.14521301,1.15767539,0.0,,24
2026-04-01T00:00:00Z,1.15767539,1.16306126,1.15593565,1.15928578,0.0,,24
2026-04-02T00:00:00Z,1.15928578,1.16063142,1.1512779,1.15446782,0.0,,24
2026-04-06T00:00:00Z,1.15141046,1.15727353,1.1510129,1.15446782,0.0,,24
2026-04-07T00:00:00Z,1.15446782,1.16931713,1.15287066,1.16890705,0.0,,24
2026-04-08T00:00:00Z,1.16904366,1.17247033,1.16495812,1.16618073,0.0,,24
2026-04-09T00:00:00Z,1.16618073,1.1726079,1.16536534,1.16945386,0.0,,24
2026-04-13T00:00:00Z,1.16795146,1.17702448,1.16740608,1.17702448,0.0,,24
2026-04-14T00:00:00Z,1.17702448,1.18133497,1.17605543,1.18021953,0.0,,24
2026-04-15T00:00:00Z,1.18021953,1.18119538,1.17771757,1.1810559,0.0,,24
2026-04-16T00:00:00Z,1.1810559,1.18273211,1.177163,1.17841148,0.0,,24
2026-04-21T00:00:00Z,1.17882824,1.17896724,1.17247033,1.17467403,0.0,,24
2026-04-22T00:00:00Z,1.17495,1.17647052,1.17068601,1.17096019,0.0,,24
2026-04-23T00:00:00Z,1.1708231,1.17192078,1.16740608,1.16863382,0.0,,24
2026-04-27T00:00:00Z,1.17096019,1.17577899,1.17096019,1.1726079,0.0,,24
2026-04-28T00:00:00Z,1.17274535,1.17302048,1.16822433,1.17219555,0.0,,24
2026-04-29T00:00:00Z,1.172333,1.17247033,1.16672504,1.16890705,0.0,,24
2026-04-30T00:00:00Z,1.16918039,1.17439818,1.16590881,1.17329586,0.0,,24
2026-05-05T00:00:00Z,1.16959059,1.17274535,1.16795146,1.17178345,0.0,,24
2026-05-06T00:00:00Z,1.17178345,1.17994094,1.17150891,1.17508817,0.0,,24
2026-05-07T00:00:00Z,1.17522621,1.17813385,1.17274535,1.17343354,0.0,,24
2026-05-11T00:00:00Z,1.177163,1.17910624,1.17522621,1.17813385,0.0,,24
2026-05-12T00:00:00Z,1.17799497,1.17799497,1.17274535,1.17384672,0.0,,24
2026-05-13T00:00:00Z,1.17384672,1.17453599,1.17000115,1.17192078,0.0,,24
2026-05-14T00:00:00Z,1.17192078,1.17247033,1.16645288,1.16645288,0.0,,24
2026-05-18T00:00:00Z,1.16184497,1.16645288,1.16117048,1.16577291,0.0,,24
2026-05-19T00:00:00Z,1.16590881,1.16590881,1.15968919,1.16103566,0.0,,24
2026-05-20T00:00:00Z,1.16103566,1.16468668,1.15861428,1.16279066,0.0,,24
2026-05-21T00:00:00Z,1.16279066,1.16387331,1.15821171,1.1621151,0.0,,24
2026-05-25T00:00:00Z,1.16441548,1.16550124,1.16346717,1.16400886,0.0,,24
2026-05-26T00:00:00Z,1.16400886,1.16482234,1.1621151,1.16400886,0.0,,24
2026-05-27T00:00:00Z,1.16400886,1.16645288,1.16198003,1.1621151,0.0,,24
2026-05-28T00:00:00Z,1.16198003,1.16631675,1.15901721,1.16563702,0.0,,24
2026-06-01T00:00:00Z,1.16522956,1.16686118,1.16103566,1.16387331,0.0,,24
2026-06-02T00:00:00Z,1.16387331,1.16590881,1.16171002,1.16252041,0.0,,24
2026-06-03T00:00:00Z,1.16252041,1.16360259,1.15982366,1.16130531,0.0,,24
2026-06-04T00:00:00Z,1.16130531,1.16482234,1.16022742,1.16157508,0.0,,24
2026-06-08T00:00:00Z,1.15260482,1.15580213,1.15035081,1.15313649,0.0,,24
2026-06-09T00:00:00Z,1.15313649,1.1580776,1.15313649,1.1538018,0.0,,24
2026-06-10T00:00:00Z,1.1538018,1.15754139,1.15300357,1.1538018,0.0,,24
2026-06-11T00:00:00Z,1.15393496,1.15888286,1.15061557,1.1578095,0.0,,24
2026-06-15T00:00:00Z,1.16090083,1.16238523,1.15874863,1.15942025,0.0,,24
2026-06-16T00:00:00Z,1.15955472,1.16225004,1.1578095,1.16130531,0.0,,24
2026-06-17T00:00:00Z,1.16130531,1.16198003,1.14823747,1.1510129,0.0,,24
2026-06-18T00:00:00Z,1.1512779,1.15313649,1.14547539,1.14613175,0.0,,24
2026-06-22T00:00:00Z,1.14665747,1.1475786,1.14207399,1.14298785,0.0,,24
2026-06-23T00:00:00Z,1.14285719,1.1441648,1.13791537,1.138304,0.0,,24
2026-06-24T00:00:00Z,1.13817441,1.13856316,1.13288772,1.13571835,0.0,,24
2026-06-25T00:00:00Z,1.13558936,1.13908184,1.13365829,1.13649285,0.0,,24
2026-06-29T00:00:00Z,1.13895214,1.14377213,1.13843346,1.14233494,0.0,,24
2026-06-30T00:00:00Z,1.1422044,1.14364135,1.13869274,1.14168286,0.0,,24
2026-07-01T00:00:00Z,1.14168286,1.14168286,1.13662195,1.13804483,0.0,,24
2026-07-02T00:00:00Z,1.13804483,1.14744687,1.13791537,1.14259601,0.0,,24
2026-07-06T00:00:00Z,1.14403379,1.14508188,1.14116168,1.1444267,0.0,,24
2026-07-07T00:00:00Z,1.1444267,1.14495075,1.14038086,1.14051092,0.0,,24
2026-07-08T00:00:00Z,1.14038086,1.14337981,1.13947129,1.14246547,0.0,,24
2026-07-09T00:00:00Z,1.14246547,1.14508188,1.14233494,1.14364135,0.0,,24
2026-07-13T00:00:00Z,1.14077115,1.14495075,1.13817441,1.13856316,0.0,,24
2026-07-14T00:00:00Z,1.13869274,1.14626324,1.13817441,1.14272654,0.0,,24
2026-07-15T00:00:00Z,1.14272654,1.14836931,1.1410315,1.14731526,0.0,,24
2026-07-16T00:00:00Z,1.14731526,1.14797378,1.14351058,1.14481974,0.0,,24
2026-07-20T00:00:00Z,1.14298785,1.14521301,1.14064109,1.14181316,0.0,,24
2026-07-21T00:00:00Z,1.14194357,1.14311838,1.13986087,1.14051092,0.0,,24
2026-07-22T00:00:00Z,1.14038086,1.14233494,1.14012086,1.14142215,0.0,,24
2026-07-23T00:00:00Z,1.14155257,1.14390302,1.13675117,1.13804483,0.0,,24
2026-07-27T00:00:00Z,1.13999093,1.14207399,1.13649285,1.1372683,0.0,,24
2026-07-28T00:00:00Z,1.13713896,1.14077115,1.13571835,1.13895214,0.0,,24
2026-07-29T00:00:00Z,1.13882244,1.14929318,1.13791537,1.14705205,0.0,,24
2026-07-30T00:00:00Z,1.14705205,1.15393496,1.14390302,1.15260482,0.0,,24
2026-08-03T00:00:00Z,1.15433455,1.15580213,1.15048325,1.1510129,0.0,,24
2026-08-04T00:00:00Z,1.15114534,1.15366864,1.15061557,1.1535356,0.0,,24
2026-08-05T00:00:00Z,1.1535356,1.15633678,1.15300357,1.1560694,0.0,,24
2026-08-06T00:00:00Z,1.15593565,1.15620303,1.15194106,1.15273774,0.0,,24
2026-08-10T00:00:00Z,1.1560694,1.1568718,1.15433455,1.15500116,0.0,,24
2026-08-11T00:00:00Z,1.15500116,1.15526807,1.1535356,1.1546011,0.0,,24
2026-08-12T00:00:00Z,1.1546011,1.15647042,1.15233922,1.15313649,0.0,,24
2026-08-13T00:00:00Z,1.15313649,1.15486777,1.15154314,1.15366864,0.0,,24
2026-08-17T00:00:00Z,1.15794349,1.16171002,1.1574074,1.15861428,0.0,,24
2026-08-18T00:00:00Z,1.15861428,1.15915155,1.15713954,1.15794349,0.0,,24
2026-08-19T00:00:00Z,1.15794349,1.16863382,1.1574074,1.16781497,0.0,,24
2026-08-20T00:00:00Z,1.16795146,1.1713717,1.16726971,1.16904366,0.0,,24
2026-08-24T00:00:00Z,1.16863382,1.16904366,1.16590881,1.16713345,0.0,,24
2026-08-25T00:00:00Z,1.16726971,1.16904366,1.16550124,1.16781497,0.0,,24
2026-08-26T00:00:00Z,1.16781497,1.16808784,1.16455114,1.16590881,0.0,,24
2026-08-27T00:00:00Z,1.16590881,1.16631675,1.16414428,1.16577291,0.0,,24
2026-08-31T00:00:00Z,1.15928578,1.16238523,1.15874863,1.1621151,0.0,,24
2026-09-01T00:00:00Z,1.16198003,1.16279066,1.15888286,1.15942025,0.0,,24
2026-09-02T00:00:00Z,1.15942025,1.16076612,1.15713954,1.15888286,0.0,,24
2026-09-03T00:00:00Z,1.15874863,1.16441548,1.15874863,1.16319644,0.0,,24
2026-09-07T00:00:00Z,1.16171002,1.16387331,1.16117048,1.16306126,0.0,,24
2026-09-08T00:00:00Z,1.16306126,1.16387331,1.16117048,1.16306126,0.0,,24
2026-09-09T00:00:00Z,1.16319644,1.16563702,1.16238523,1.16373789,0.0,,24
2026-09-10T00:00:00Z,1.16360259,1.16441548,1.15968919,1.16144013,0.0,,24
2026-09-14T00:00:00Z,1.15968919,1.15995824,1.15273774,1.15513456,0.0,,24
2026-09-15T00:00:00Z,1.15513456,1.15540159,1.15300357,1.15393496,0.0,,24
2026-09-16T00:00:00Z,1.15406811,1.15593565,1.14613175,1.14718366,0.0,,24
2026-09-17T00:00:00Z,1.14705205,1.15008628,1.14600039,1.14784205,0.0,,24
2026-09-21T00:00:00Z,1.14823747,1.14982176,1.14652598,1.14678907,0.0,,24
2026-09-22T00:00:00Z,1.14665747,1.14810562,1.14324915,1.14508188,0.0,,24
2026-09-23T00:00:00Z,1.14508188,1.14521301,1.13739765,1.13843346,0.0,,24
2026-09-24T00:00:00Z,1.13856316,1.14012086,1.13636363,1.13765645,0.0,,24
2026-09-28T00:00:00Z,1.13817441,1.13947129,1.13584733,1.13739765,0.0,,24
2026-09-29T00:00:00Z,1.1372683,1.13752699,1.13173378,1.13442993,0.0,,24
2026-09-30T00:00:00Z,1.13442993,1.13817441,1.13263106,1.13301611,0.0,,24
2026-10-01T00:00:00Z,1.13301611,1.13404405,1.12195671,1.12511253,0.0,,24
