timestamp,open,high,low,close,volume,spread_points
2025-01-02T00:00:00Z,1.03514,1.03754,1.02241,1.02666,82162,2
2025-01-03T00:00:00Z,1.02548,1.03098,1.02548,1.03079,64255,2
2025-01-06T00:00:00Z,1.03026,1.04368,1.02953,1.03898,94785,2
2025-01-07T00:00:00Z,1.03821,1.04344,1.03389,1.03394,74892,2
2025-01-08T00:00:00Z,1.03400,1.03575,1.02731,1.03162,68982,2
2025-01-09T00:00:00Z,1.03154,1.03213,1.02835,1.02996,50626,2
2025-01-10T00:00:00Z,1.02996,1.03117,1.02133,1.02434,67711,2
2025-01-13T00:00:00Z,1.02360,1.02499,1.01775,1.02369,65164,2
2025-01-14T00:00:00Z,1.02464,1.03083,1.02383,1.03062,69755,2
2025-01-15T00:00:00Z,1.03034,1.03543,1.02580,1.02884,60671,2
2025-01-16T00:00:00Z,1.02864,1.03150,1.02606,1.03015,64449,2
2025-01-17T00:00:00Z,1.02954,1.03306,1.02651,1.02687,59330,2
2025-01-20T00:00:00Z,1.02778,1.04343,1.02662,1.04128,64630,2
2025-01-21T00:00:00Z,1.04099,1.04353,1.03418,1.04264,80123,2
2025-01-22T00:00:00Z,1.04250,1.04572,1.03921,1.04091,62687,2
2025-01-23T00:00:00Z,1.04083,1.04378,1.03719,1.04139,62413,2
2025-01-24T00:00:00Z,1.04137,1.05214,1.04114,1.04955,69409,2
2025-01-27T00:00:00Z,1.04783,1.05331,1.04537,1.04910,74586,2
2025-01-28T00:00:00Z,1.04911,1.04930,1.04136,1.04304,68603,2
2025-01-29T00:00:00Z,1.04279,1.04436,1.03822,1.04212,68769,2
2025-01-30T00:00:00Z,1.04178,1.04677,1.03860,1.03918,65882,2
2025-01-31T00:00:00Z,1.03933,1.04338,1.03499,1.03584,80294,2
2025-02-03T00:00:00Z,1.02411,1.03499,1.02107,1.03345,109663,2
2025-02-04T00:00:00Z,1.03343,1.03874,1.02721,1.03800,73384,2
2025-02-05T00:00:00Z,1.03744,1.04422,1.03694,1.03988,63884,2
2025-02-06T00:00:00Z,1.04037,1.04055,1.03525,1.03844,52030,2
2025-02-07T00:00:00Z,1.03838,1.04098,1.03055,1.03257,57492,2
2025-02-10T00:00:00Z,1.02865,1.03365,1.02827,1.03061,45926,2
2025-02-11T00:00:00Z,1.03072,1.03816,1.02921,1.03605,44576,2
2025-02-12T00:00:00Z,1.03616,1.04298,1.03170,1.03819,59032,2
2025-02-13T00:00:00Z,1.03838,1.04666,1.03732,1.04647,67557,2
2025-02-14T00:00:00Z,1.04630,1.05143,1.04473,1.04886,53566,2
2025-02-17T00:00:00Z,1.04846,1.05065,1.04671,1.04842,37890,2
2025-02-18T00:00:00Z,1.04752,1.04863,1.04350,1.04464,44996,2
2025-02-19T00:00:00Z,1.04453,1.04614,1.04008,1.04240,46998,2
2025-02-20T00:00:00Z,1.04211,1.05034,1.04187,1.05006,49970,2
2025-02-21T00:00:00Z,1.04953,1.05058,1.04493,1.04591,51966,2
2025-02-24T00:00:00Z,1.04674,1.05283,1.04528,1.04668,58593,2
2025-02-25T00:00:00Z,1.04662,1.05194,1.04563,1.05143,54002,2
2025-02-26T00:00:00Z,1.05132,1.05288,1.04749,1.04828,56344,2
2025-02-27T00:00:00Z,1.04816,1.04926,1.03966,1.03968,55167,2
2025-02-28T00:00:00Z,1.03977,1.04198,1.03598,1.03754,59674,2
2025-03-03T00:00:00Z,1.04039,1.05036,1.03885,1.04854,64403,2
2025-03-04T00:00:00Z,1.04869,1.06268,1.04709,1.06234,78315,2
2025-03-05T00:00:00Z,1.06188,1.07966,1.06019,1.07897,85202,2
2025-03-06T00:00:00Z,1.07895,1.08539,1.07655,1.07846,83125,2
2025-03-07T00:00:00Z,1.07825,1.08888,1.07784,1.08357,72778,2
2025-03-10T00:00:00Z,1.08284,1.08745,1.08050,1.08310,68202,2
2025-03-11T00:00:00Z,1.08326,1.09472,1.08313,1.09177,70297,2
2025-03-12T00:00:00Z,1.09183,1.09315,1.08756,1.08869,64840,2
2025-03-13T00:00:00Z,1.08883,1.08972,1.08225,1.08544,61253,2
2025-03-14T00:00:00Z,1.08467,1.09126,1.08305,1.08815,58046,2
2025-03-17T00:00:00Z,1.08780,1.09295,1.08684,1.09226,47781,2
2025-03-18T00:00:00Z,1.09213,1.09546,1.08924,1.09447,47734,2
2025-03-19T00:00:00Z,1.09438,1.09459,1.08604,1.09040,52197,2
2025-03-20T00:00:00Z,1.09021,1.09173,1.08145,1.08529,50747,2
2025-03-21T00:00:00Z,1.08458,1.08612,1.07969,1.08127,47074,2
2025-03-24T00:00:00Z,1.08141,1.08582,1.07815,1.08010,51078,2
2025-03-25T00:00:00Z,1.08002,1.08301,1.07768,1.07903,46042,2
2025-03-26T00:00:00Z,1.07892,1.08026,1.07439,1.07514,50366,2
2025-03-27T00:00:00Z,1.07554,1.08212,1.07328,1.08016,51425,2
2025-03-28T00:00:00Z,1.07957,1.08447,1.07645,1.08295,43575,2
2025-03-31T00:00:00Z,1.08255,1.08492,1.07840,1.08167,53331,2
2025-04-01T00:00:00Z,1.08168,1.08301,1.07782,1.07948,48776,2
2025-04-02T00:00:00Z,1.07871,1.09241,1.07800,1.08425,50700,2
2025-04-03T00:00:00Z,1.08425,1.11453,1.08051,1.10523,101591,2
2025-04-04T00:00:00Z,1.10492,1.11075,1.09241,1.09622,117925,2
2025-04-07T00:00:00Z,1.08854,1.10497,1.08803,1.09052,125591,2
2025-04-08T00:00:00Z,1.09014,1.09918,1.08882,1.09547,92410,2
2025-04-09T00:00:00Z,1.09516,1.10950,1.09132,1.09492,126733,2
2025-04-10T00:00:00Z,1.09461,1.12413,1.09428,1.12016,103056,2
2025-04-11T00:00:00Z,1.11910,1.14733,1.11862,1.13506,126387,2
2025-04-14T00:00:00Z,1.13164,1.14247,1.12958,1.13503,86490,2
2025-04-15T00:00:00Z,1.13422,1.13790,1.12640,1.12824,68469,2
2025-04-16T00:00:00Z,1.12793,1.14128,1.12792,1.13969,76602,2
2025-04-17T00:00:00Z,1.13966,1.14093,1.13351,1.13652,67015,2
2025-04-18T00:00:00Z,1.13635,1.13977,1.13572,1.13925,69080,2
2025-04-21T00:00:00Z,1.13951,1.15730,1.13927,1.15122,67621,2
2025-04-22T00:00:00Z,1.15080,1.15472,1.14174,1.14190,71200,2
2025-04-23T00:00:00Z,1.14212,1.14397,1.13080,1.13131,83552,2
2025-04-24T00:00:00Z,1.13148,1.13974,1.13132,1.13933,60054,2
2025-04-25T00:00:00Z,1.13814,1.13909,1.13156,1.13596,57375,2
2025-04-28T00:00:00Z,1.13585,1.14247,1.13295,1.14230,53744,2
2025-04-29T00:00:00Z,1.14185,1.14218,1.13701,1.13853,57150,2
2025-04-30T00:00:00Z,1.13818,1.13994,1.13170,1.13239,59475,2
2025-05-01T00:00:00Z,1.13264,1.13410,1.12659,1.12927,53335,2
2025-05-02T00:00:00Z,1.12846,1.13808,1.12740,1.12984,64013,2
2025-05-05T00:00:00Z,1.13006,1.13648,1.12901,1.13135,54461,2
2025-05-06T00:00:00Z,1.13126,1.13811,1.12799,1.13724,54617,2
2025-05-07T00:00:00Z,1.13637,1.13779,1.12915,1.13020,64030,2
2025-05-08T00:00:00Z,1.13032,1.13360,1.12120,1.12292,62170,2
2025-05-09T00:00:00Z,1.12201,1.12927,1.11965,1.12474,50531,2
2025-05-12T00:00:00Z,1.11979,1.12427,1.10653,1.10873,79664,2
2025-05-13T00:00:00Z,1.10877,1.11945,1.10846,1.11873,58959,2
2025-05-14T00:00:00Z,1.11853,1.12656,1.11644,1.11731,66692,2
2025-05-15T00:00:00Z,1.11764,1.12278,1.11703,1.11854,56138,2
2025-05-16T00:00:00Z,1.11838,1.12195,1.11311,1.11602,50362,2
2025-05-19T00:00:00Z,1.11732,1.12882,1.11683,1.12428,59325,2
2025-05-20T00:00:00Z,1.12347,1.12848,1.12178,1.12833,54549,2
2025-05-21T00:00:00Z,1.12822,1.13628,1.12780,1.13299,64968,2
2025-05-22T00:00:00Z,1.13228,1.13448,1.12558,1.12800,69410,2
2025-05-23T00:00:00Z,1.12764,1.13755,1.12764,1.13639,63158,2
2025-05-26T00:00:00Z,1.13638,1.14187,1.13603,1.13868,41111,2
2025-05-27T00:00:00Z,1.13816,1.14071,1.13233,1.13291,53243,2
2025-05-28T00:00:00Z,1.13258,1.13451,1.12838,1.12930,56250,2
2025-05-29T00:00:00Z,1.12912,1.13843,1.12101,1.13685,68996,2
2025-05-30T00:00:00Z,1.13660,1.13898,1.13125,1.13467,61577,2
2025-06-02T00:00:00Z,1.13453,1.14497,1.13442,1.14419,57843,2
2025-06-03T00:00:00Z,1.14370,1.14545,1.13641,1.13716,50478,2
2025-06-04T00:00:00Z,1.13695,1.14343,1.13571,1.14202,53567,2
2025-06-05T00:00:00Z,1.14142,1.14948,1.14044,1.14438,60801,2
2025-06-06T00:00:00Z,1.14444,1.14572,1.13716,1.13926,54415,2
2025-06-09T00:00:00Z,1.13956,1.14391,1.13864,1.14184,39789,2
2025-06-10T00:00:00Z,1.14202,1.14475,1.13728,1.14249,48020,2
2025-06-11T00:00:00Z,1.14228,1.14994,1.14054,1.14870,53692,2
2025-06-12T00:00:00Z,1.14823,1.16316,1.14823,1.15860,65255,2
2025-06-13T00:00:00Z,1.15825,1.16144,1.14889,1.15470,72851,2
2025-06-16T00:00:00Z,1.15315,1.16146,1.15236,1.15616,58959,2
2025-06-17T00:00:00Z,1.15592,1.15797,1.14745,1.14840,59638,2
2025-06-18T00:00:00Z,1.14776,1.15301,1.14606,1.14794,62657,2
2025-06-19T00:00:00Z,1.14723,1.15000,1.14462,1.14987,48975,2
2025-06-20T00:00:00Z,1.14858,1.15439,1.14858,1.15214,51464,2
2025-06-23T00:00:00Z,1.14563,1.15813,1.14535,1.15779,72917,2
2025-06-24T00:00:00Z,1.15761,1.16414,1.15726,1.16105,65424,2
2025-06-25T00:00:00Z,1.16072,1.16649,1.15899,1.16555,49078,2
2025-06-26T00:00:00Z,1.16528,1.17444,1.16528,1.17000,60794,2
2025-06-27T00:00:00Z,1.16964,1.17538,1.16807,1.17189,56081,2
2025-06-30T00:00:00Z,1.17286,1.17863,1.17077,1.17818,54742,2
2025-07-01T00:00:00Z,1.17807,1.18294,1.17613,1.18052,54197,2
2025-07-02T00:00:00Z,1.18002,1.18098,1.17469,1.17958,51207,2
2025-07-03T00:00:00Z,1.17947,1.18101,1.17172,1.17563,46688,2
2025-07-04T00:00:00Z,1.17580,1.17874,1.17516,1.17722,40976,2
2025-07-07T00:00:00Z,1.17821,1.17902,1.16865,1.17081,49220,2
2025-07-08T00:00:00Z,1.17060,1.17653,1.16824,1.17251,52039,2
2025-07-09T00:00:00Z,1.17195,1.17292,1.16895,1.17205,45576,2
2025-07-10T00:00:00Z,1.17159,1.17495,1.16625,1.16981,42044,2
2025-07-11T00:00:00Z,1.16956,1.17138,1.16645,1.16920,50056,2
2025-07-14T00:00:00Z,1.16666,1.16975,1.16540,1.16636,42511,2
2025-07-15T00:00:00Z,1.16619,1.16927,1.15928,1.16000,45952,2
2025-07-16T00:00:00Z,1.15972,1.17218,1.15621,1.16419,58939,2
2025-07-17T00:00:00Z,1.16337,1.16423,1.15564,1.15960,43855,2
2025-07-18T00:00:00Z,1.15936,1.16718,1.15926,1.16223,41007,2
2025-07-21T00:00:00Z,1.16222,1.17167,1.16144,1.16931,41373,2
2025-07-22T00:00:00Z,1.16892,1.17605,1.16787,1.17517,38899,2
2025-07-23T00:00:00Z,1.17532,1.17750,1.17109,1.17704,48734,2
2025-07-24T00:00:00Z,1.17671,1.17886,1.17304,1.17473,47195,2
2025-07-25T00:00:00Z,1.17386,1.17609,1.17030,1.17388,47092,2
2025-07-28T00:00:00Z,1.17504,1.17705,1.15852,1.15881,54793,2
2025-07-29T00:00:00Z,1.15877,1.15992,1.15188,1.15449,53340,2
2025-07-30T00:00:00Z,1.15447,1.15726,1.14021,1.14056,58773,2
2025-07-31T00:00:00Z,1.14040,1.14608,1.14022,1.14144,55355,2
2025-08-01T00:00:00Z,1.14145,1.15968,1.13914,1.15952,73382,2
2025-08-04T00:00:00Z,1.15913,1.15957,1.15496,1.15747,59845,2
2025-08-05T00:00:00Z,1.15675,1.15879,1.15277,1.15758,51300,2
2025-08-06T00:00:00Z,1.15704,1.16685,1.15641,1.16561,48305,2
2025-08-07T00:00:00Z,1.16537,1.16989,1.16108,1.16666,56641,2
2025-08-08T00:00:00Z,1.16602,1.16793,1.16287,1.16400,48277,2
2025-08-11T00:00:00Z,1.16407,1.16753,1.15899,1.16184,39768,2
2025-08-12T00:00:00Z,1.16123,1.16972,1.15986,1.16727,66955,2
2025-08-13T00:00:00Z,1.16723,1.17302,1.16681,1.17052,49512,2
2025-08-14T00:00:00Z,1.17021,1.17151,1.16310,1.16484,59336,2
2025-08-15T00:00:00Z,1.16475,1.17153,1.16458,1.17027,45136,2
2025-08-18T00:00:00Z,1.17079,1.17153,1.16558,1.16614,46661,2
2025-08-19T00:00:00Z,1.16588,1.16928,1.16392,1.16463,46164,2
2025-08-20T00:00:00Z,1.16450,1.16735,1.16219,1.16513,51858,2
2025-08-21T00:00:00Z,1.16498,1.16626,1.16011,1.16059,52044,2
2025-08-22T00:00:00Z,1.16034,1.17425,1.15829,1.17208,60442,2
2025-08-25T00:00:00Z,1.17218,1.17259,1.16027,1.16205,46657,2
2025-08-26T00:00:00Z,1.16178,1.16652,1.16021,1.16416,61540,2
2025-08-27T00:00:00Z,1.16406,1.16475,1.15740,1.16375,51201,2
2025-08-28T00:00:00Z,1.16356,1.16973,1.16289,1.16815,51861,2
2025-08-29T00:00:00Z,1.16805,1.17088,1.16507,1.16866,51211,2
2025-09-01T00:00:00Z,1.16941,1.17362,1.16852,1.17115,39275,2
2025-09-02T00:00:00Z,1.17052,1.17183,1.16128,1.16422,69613,2
2025-09-03T00:00:00Z,1.16394,1.16820,1.16080,1.16608,54717,2
2025-09-04T00:00:00Z,1.16581,1.16692,1.16298,1.16513,50676,2
2025-09-05T00:00:00Z,1.16463,1.17594,1.16423,1.17205,61609,2
2025-09-08T00:00:00Z,1.17130,1.17655,1.17035,1.17611,42763,2
2025-09-09T00:00:00Z,1.17593,1.17799,1.17037,1.17093,48557,2
2025-09-10T00:00:00Z,1.17046,1.17301,1.16823,1.16948,47530,2
2025-09-11T00:00:00Z,1.16935,1.17460,1.16574,1.17361,55008,2
2025-09-12T00:00:00Z,1.17317,1.17477,1.17013,1.17316,45006,2
2025-09-15T00:00:00Z,1.17290,1.17743,1.17162,1.17604,37064,2
2025-09-16T00:00:00Z,1.17576,1.18784,1.17572,1.18649,53504,2
2025-09-17T00:00:00Z,1.18572,1.19186,1.18077,1.18116,56464,2
2025-09-18T00:00:00Z,1.18102,1.18482,1.17499,1.17819,60882,2
2025-09-19T00:00:00Z,1.17767,1.17925,1.17287,1.17428,52694,2
2025-09-22T00:00:00Z,1.17386,1.18025,1.17260,1.18012,41265,2
2025-09-23T00:00:00Z,1.17880,1.18198,1.17766,1.18144,47904,2
2025-09-24T00:00:00Z,1.18119,1.18187,1.17281,1.17371,49042,2
2025-09-25T00:00:00Z,1.17358,1.17539,1.16454,1.16643,52648,2
2025-09-26T00:00:00Z,1.16520,1.17072,1.16520,1.17014,49140,2
2025-09-29T00:00:00Z,1.16986,1.17546,1.16971,1.17265,41821,0
2025-09-30T00:00:00Z,1.17237,1.17614,1.17122,1.17334,45411,0
2025-10-01T00:00:00Z,1.17314,1.17787,1.17155,1.17283,56045,0
2025-10-02T00:00:00Z,1.17282,1.17583,1.16832,1.17157,43333,0
2025-10-03T00:00:00Z,1.17124,1.17589,1.17100,1.17391,38822,0
2025-10-06T00:00:00Z,1.17221,1.17308,1.16517,1.17107,51270,0
2025-10-07T00:00:00Z,1.17014,1.17145,1.16476,1.16573,42617,0
2025-10-08T00:00:00Z,1.16495,1.16609,1.15984,1.16288,45966,0
2025-10-09T00:00:00Z,1.16264,1.16481,1.15420,1.15640,52264,0
2025-10-10T00:00:00Z,1.15580,1.16308,1.15540,1.16232,47239,0
2025-10-13T00:00:00Z,1.16092,1.16298,1.15574,1.15673,46115,0
2025-10-14T00:00:00Z,1.15675,1.16150,1.15429,1.16059,61020,0
2025-10-15T00:00:00Z,1.16055,1.16476,1.16018,1.16456,51614,0
2025-10-16T00:00:00Z,1.16429,1.16943,1.16405,1.16872,58648,0
2025-10-17T00:00:00Z,1.16837,1.17283,1.16497,1.16521,60716,0
2025-10-20T00:00:00Z,1.16594,1.16754,1.16384,1.16433,44180,0
2025-10-21T00:00:00Z,1.16371,1.16553,1.15976,1.15994,51682,0
2025-10-22T00:00:00Z,1.15980,1.16224,1.15767,1.16094,48892,0
2025-10-23T00:00:00Z,1.16062,1.16200,1.15855,1.16182,39321,0
2025-10-24T00:00:00Z,1.16143,1.16477,1.16009,1.16269,45360,0
2025-10-27T00:00:00Z,1.16322,1.16521,1.16176,1.16436,42143,0
2025-10-28T00:00:00Z,1.16421,1.16687,1.16256,1.16531,42021,0
2025-10-29T00:00:00Z,1.16499,1.16658,1.15777,1.15992,50940,0
2025-10-30T00:00:00Z,1.15997,1.16375,1.15470,1.15695,52164,0
2025-10-31T00:00:00Z,1.15640,1.15777,1.15215,1.15353,43730,0
2025-11-03T00:00:00Z,1.15301,1.15412,1.15050,1.15195,41445,0
2025-11-04T00:00:00Z,1.15167,1.15334,1.14732,1.14807,39592,0
2025-11-05T00:00:00Z,1.14809,1.14981,1.14690,1.14925,38586,0
2025-11-06T00:00:00Z,1.14905,1.15524,1.14894,1.15475,39948,0
2025-11-07T00:00:00Z,1.15432,1.15911,1.15296,1.15634,39390,0
2025-11-10T00:00:00Z,1.15551,1.15831,1.15411,1.15558,42629,0
2025-11-11T00:00:00Z,1.15552,1.16056,1.15470,1.15825,39959,0
2025-11-12T00:00:00Z,1.15823,1.15978,1.15628,1.15902,40990,0
2025-11-13T00:00:00Z,1.15905,1.16560,1.15789,1.16372,48893,0
2025-11-14T00:00:00Z,1.16338,1.16537,1.16061,1.16217,56452,0
2025-11-17T00:00:00Z,1.16135,1.16246,1.15820,1.15911,38157,0
2025-11-18T00:00:00Z,1.15892,1.16077,1.15715,1.15780,44739,0
2025-11-19T00:00:00Z,1.15754,1.15973,1.15180,1.15368,51215,0
2025-11-20T00:00:00Z,1.15374,1.15500,1.14996,1.15270,54074,0
2025-11-21T00:00:00Z,1.15240,1.15526,1.14912,1.15152,55476,0
2025-11-24T00:00:00Z,1.15109,1.15505,1.15018,1.15211,38589,0
2025-11-25T00:00:00Z,1.15190,1.15859,1.15117,1.15705,49985,0
2025-11-26T00:00:00Z,1.15679,1.16009,1.15471,1.15965,56632,0
2025-11-27T00:00:00Z,1.15894,1.16136,1.15766,1.15958,30786,0
2025-11-28T00:00:00Z,1.15925,1.16075,1.15551,1.15963,80276,0
2025-12-01T00:00:00Z,1.15909,1.16522,1.15894,1.16093,50236,0
2025-12-02T00:00:00Z,1.16063,1.16258,1.15911,1.16232,37108,0
2025-12-03T00:00:00Z,1.16203,1.16776,1.16187,1.16706,39749,0
2025-12-04T00:00:00Z,1.16702,1.16820,1.16408,1.16449,41146,0
2025-12-05T00:00:00Z,1.16421,1.16718,1.16280,1.16410,41728,0
2025-12-08T00:00:00Z,1.16347,1.16721,1.16164,1.16377,49032,0
2025-12-09T00:00:00Z,1.16342,1.16573,1.16151,1.16256,44740,0
2025-12-10T00:00:00Z,1.16240,1.16998,1.16215,1.16930,53242,0
2025-12-11T00:00:00Z,1.16864,1.17627,1.16819,1.17384,53225,0
2025-12-12T00:00:00Z,1.17376,1.17498,1.17195,1.17381,44207,0
2025-12-15T00:00:00Z,1.17323,1.17689,1.17263,1.17506,42992,0
2025-12-16T00:00:00Z,1.17478,1.18041,1.17343,1.17487,53767,0
2025-12-17T00:00:00Z,1.17448,1.17582,1.17031,1.17407,53502,0
2025-12-18T00:00:00Z,1.17374,1.17627,1.17124,1.17247,54541,0
2025-12-19T00:00:00Z,1.17171,1.17378,1.17028,1.17073,49267,0
2025-12-22T00:00:00Z,1.17120,1.17693,1.17058,1.17615,41765,0
2025-12-23T00:00:00Z,1.17544,1.18020,1.17544,1.17961,48604,0
2025-12-24T00:00:00Z,1.17893,1.18081,1.17726,1.17770,38300,0
2025-12-26T00:00:00Z,1.17769,1.17968,1.17615,1.17687,49458,0
2025-12-29T00:00:00Z,1.17653,1.17890,1.17494,1.17738,48211,0
2025-12-30T00:00:00Z,1.17616,1.17799,1.17432,1.17465,40875,0
2025-12-31T00:00:00Z,1.17419,1.17593,1.17201,1.17454,44730,0
2026-01-02T00:00:00Z,1.17466,1.17648,1.17132,1.17203,42549,0
2026-01-05T00:00:00Z,1.17196,1.17288,1.16591,1.17204,54449,0
2026-01-06T00:00:00Z,1.17179,1.17429,1.16838,1.16878,47984,0
2026-01-07T00:00:00Z,1.16842,1.17028,1.16728,1.16760,46631,0
2026-01-08T00:00:00Z,1.16727,1.16830,1.16427,1.16599,43233,0
2026-01-09T00:00:00Z,1.16533,1.16624,1.16182,1.16299,48576,0
2026-01-12T00:00:00Z,1.16281,1.16984,1.16215,1.16671,48763,0
2026-01-13T00:00:00Z,1.16665,1.16773,1.16340,1.16434,47810,0
2026-01-14T00:00:00Z,1.16417,1.16617,1.16353,1.16439,48752,0
2026-01-15T00:00:00Z,1.16450,1.16470,1.15931,1.16089,49048,0
2026-01-16T00:00:00Z,1.16066,1.16273,1.15845,1.15981,47005,0
2026-01-19T00:00:00Z,1.15782,1.16488,1.15771,1.16454,48258,0
2026-01-20T00:00:00Z,1.16405,1.17686,1.16324,1.17246,69292,0
2026-01-21T00:00:00Z,1.17205,1.17429,1.16762,1.16871,64777,0
2026-01-22T00:00:00Z,1.16813,1.17548,1.16701,1.17540,50429,0
2026-01-23T00:00:00Z,1.17483,1.18335,1.17283,1.18292,61271,0
2026-01-26T00:00:00Z,1.18598,1.19069,1.18349,1.18778,81377,0
2026-01-27T00:00:00Z,1.18732,1.20830,1.18504,1.20457,86850,0
2026-01-28T00:00:00Z,1.20367,1.20444,1.18956,1.19527,99525,0
2026-01-29T00:00:00Z,1.19531,1.19964,1.19061,1.19694,98271,0
2026-01-30T00:00:00Z,1.19659,1.19744,1.18498,1.18507,123699,0
2026-02-02T00:00:00Z,1.18473,1.18747,1.17760,1.17896,102756,0
2026-02-03T00:00:00Z,1.17850,1.18289,1.17801,1.18230,75095,0
2026-02-04T00:00:00Z,1.18148,1.18380,1.17906,1.18036,73571,0
2026-02-05T00:00:00Z,1.18025,1.18217,1.17748,1.17749,78499,0
2026-02-06T00:00:00Z,1.17769,1.18262,1.17655,1.18135,55371,0
2026-02-09T00:00:00Z,1.18110,1.19265,1.18098,1.19134,67193,0
2026-02-10T00:00:00Z,1.19081,1.19286,1.18868,1.18954,61109,0
2026-02-11T00:00:00Z,1.18928,1.19272,1.18329,1.18705,73765,0
2026-02-12T00:00:00Z,1.18703,1.18899,1.18523,1.18704,71852,0
2026-02-13T00:00:00Z,1.18627,1.18846,1.18472,1.18675,61464,0
2026-02-16T00:00:00Z,1.18666,1.18704,1.18462,1.18506,33645,0
2026-02-17T00:00:00Z,1.18489,1.18546,1.18049,1.18527,58019,0
2026-02-18T00:00:00Z,1.18496,1.18574,1.17822,1.17833,51150,0
2026-02-19T00:00:00Z,1.17821,1.18075,1.17420,1.17752,58284,0
2026-02-20T00:00:00Z,1.17676,1.18075,1.17434,1.17852,75602,0
2026-02-23T00:00:00Z,1.17911,1.18346,1.17745,1.17859,68369,0
2026-02-24T00:00:00Z,1.17849,1.17963,1.17660,1.17735,55466,0
2026-02-25T00:00:00Z,1.17728,1.18143,1.17710,1.18091,53916,0
2026-02-26T00:00:00Z,1.18013,1.18289,1.17739,1.17993,59550,0
2026-02-27T00:00:00Z,1.17935,1.18268,1.17890,1.18118,63781,0
2026-03-02T00:00:00Z,1.17666,1.17959,1.16717,1.16904,101853,0
2026-03-03T00:00:00Z,1.16841,1.17069,1.15302,1.16106,123371,0
2026-03-04T00:00:00Z,1.16078,1.16547,1.15746,1.16359,105426,0
2026-03-05T00:00:00Z,1.16282,1.16474,1.15589,1.16071,113966,0
2026-03-06T00:00:00Z,1.16044,1.16214,1.15460,1.16126,112939,0
2026-03-09T00:00:00Z,1.15442,1.16336,1.15069,1.16294,157377,0
2026-03-10T00:00:00Z,1.16333,1.16674,1.16069,1.16095,117965,0
2026-03-11T00:00:00Z,1.16072,1.16453,1.15607,1.15653,106549,0
2026-03-12T00:00:00Z,1.15648,1.15739,1.15101,1.15123,96471,0
2026-03-13T00:00:00Z,1.15102,1.15297,1.14105,1.14138,93642,0
2026-03-16T00:00:00Z,1.14185,1.15248,1.14143,1.15062,80186,0
2026-03-17T00:00:00Z,1.15044,1.15472,1.14659,1.15405,72036,1
2026-03-18T00:00:00Z,1.15346,1.15552,1.14498,1.14508,82702,1
2026-03-19T00:00:00Z,1.14519,1.16162,1.14431,1.15855,119826,1
2026-03-20T00:00:00Z,1.15875,1.15949,1.15247,1.15705,96532,1
2026-03-23T00:00:00Z,1.15353,1.16397,1.14845,1.16096,150702,1
2026-03-24T00:00:00Z,1.16112,1.16283,1.15570,1.16061,121352,1
2026-03-25T00:00:00Z,1.16035,1.16306,1.15553,1.15577,96289,1
2026-03-26T00:00:00Z,1.15577,1.15723,1.15194,1.15288,79413,1
2026-03-27T00:00:00Z,1.15281,1.15479,1.15018,1.15118,79511,1
2026-03-30T00:00:00Z,1.15017,1.15212,1.14430,1.14592,70519,1
2026-03-31T00:00:00Z,1.14554,1.15634,1.14470,1.15534,102118,1
2026-04-01T00:00:00Z,1.15532,1.16271,1.15521,1.15898,92237,1
2026-04-02T00:00:00Z,1.15840,1.16054,1.15090,1.15388,98781,1
2026-04-03T00:00:00Z,1.15355,1.15490,1.15101,1.15138,29294,1
2026-04-06T00:00:00Z,1.15190,1.15715,1.15051,1.15421,68463,1
2026-04-07T00:00:00Z,1.15409,1.16050,1.15241,1.15962,84212,1
2026-04-08T00:00:00Z,1.15940,1.17217,1.15884,1.16610,126977,1
2026-04-09T00:00:00Z,1.16578,1.17234,1.16504,1.16980,66548,1
2026-04-10T00:00:00Z,1.16960,1.17392,1.16773,1.17297,61107,1
2026-04-13T00:00:00Z,1.16641,1.17654,1.16640,1.17586,67919,1
2026-04-14T00:00:00Z,1.17547,1.18111,1.17507,1.17948,58552,1
2026-04-15T00:00:00Z,1.17932,1.18080,1.17719,1.17999,62154,1
2026-04-16T00:00:00Z,1.17950,1.18237,1.17671,1.17821,62801,1
2026-04-17T00:00:00Z,1.17773,1.18491,1.17600,1.17629,78013,1
2026-04-20T00:00:00Z,1.17379,1.17899,1.17286,1.17866,77079,1
2026-04-21T00:00:00Z,1.17816,1.17909,1.17188,1.17417,85635,1
2026-04-22T00:00:00Z,1.17449,1.17625,1.17029,1.17052,67731,1
2026-04-23T00:00:00Z,1.17038,1.17165,1.16691,1.16821,93421,1
2026-04-24T00:00:00Z,1.16857,1.17221,1.16729,1.17219,72735,1
2026-04-27T00:00:00Z,1.16956,1.17549,1.16955,1.17212,59754,1
2026-04-28T00:00:00Z,1.17206,1.17269,1.16774,1.17134,76054,1
2026-04-29T00:00:00Z,1.17102,1.17205,1.16613,1.16728,78073,1
2026-04-30T00:00:00Z,1.16723,1.17416,1.16550,1.17324,116911,1
2026-05-01T00:00:00Z,1.17271,1.17852,1.17152,1.17198,76490,1
2026-05-04T00:00:00Z,1.17449,1.17485,1.16809,1.16908,93064,1
2026-05-05T00:00:00Z,1.16872,1.17137,1.16764,1.16938,68587,1
2026-05-06T00:00:00Z,1.16919,1.17967,1.16916,1.17465,95659,1
2026-05-07T00:00:00Z,1.17436,1.17782,1.17285,1.17290,91809,1
2026-05-08T00:00:00Z,1.17247,1.17877,1.17225,1.17870,74294,1
2026-05-11T00:00:00Z,1.17464,1.17878,1.17453,1.17807,61223,1
2026-05-12T00:00:00Z,1.17794,1.17878,1.17214,1.17399,76706,1
2026-05-13T00:00:00Z,1.17336,1.17418,1.16955,1.17129,63496,1
2026-05-14T00:00:00Z,1.17070,1.17215,1.16656,1.16686,67890,1
2026-05-15T00:00:00Z,1.16669,1.16724,1.16169,1.16233,87853,1
