symbol,hour_utc,samples,mean_spread,p50,p75,p95,p99,max
US500.cash,0,73,55.211,55.205,55.219,55.219,55.233,56.0
US500.cash,1,114,55.474,55.474,55.474,55.474,55.474,56.0
US500.cash,2,120,55.335,55.35,55.358,55.358,55.367,56.0
US500.cash,3,119,55.112,55.118,55.126,55.126,55.126,56.0
US500.cash,4,119,55.0,55.0,55.0,55.0,55.0,55.0
US500.cash,5,120,55.107,55.108,55.117,55.117,55.125,56.0
US500.cash,6,63,55.115,55.111,55.111,55.143,55.143,56.0
US500.cash,7,60,55.086,55.083,55.1,55.1,55.1,56.0
US500.cash,8,60,55.255,55.267,55.283,55.283,55.283,56.0
US500.cash,9,64,55.032,55.031,55.031,55.031,55.047,56.0
US500.cash,10,30,55.0,55.0,55.0,55.0,55.0,55.0
US500.cash,12,4,55.0,55.0,55.0,55.0,55.0,55.0
US500.cash,13,52,55.492,55.5,55.538,55.577,55.577,56.0
US500.cash,14,60,55.336,55.35,55.367,55.367,55.367,56.0
US500.cash,15,60,55.139,55.15,55.15,55.15,55.15,56.0
US500.cash,16,64,55.0,55.0,55.0,55.0,55.0,55.0
US500.cash,17,179,55.087,55.084,55.101,55.106,55.106,56.0
US500.cash,18,77,55.045,55.039,55.052,55.052,55.052,56.0
US500.cash,19,140,55.03,55.029,55.029,55.036,55.036,56.0
US500.cash,20,186,56.159,56.124,56.29,56.333,56.333,63.0
US500.cash,22,176,55.584,55.545,55.636,55.773,55.773,63.0
US500.cash,23,239,55.204,55.201,55.209,55.226,55.255,63.0
EURUSD,0,73,2.264,2.562,2.616,2.644,2.671,6.0
EURUSD,1,114,2.702,2.956,3.105,3.193,3.237,6.0
EURUSD,2,120,2.044,2.342,2.458,2.55,2.583,6.0
EURUSD,3,120,2.072,2.333,2.508,2.6,2.633,6.0
EURUSD,4,120,2.04,2.258,2.525,2.608,2.658,6.0
EURUSD,5,120,3.193,3.358,3.583,3.742,3.817,6.0
EURUSD,6,63,2.055,2.317,2.429,2.429,2.429,6.0
EURUSD,7,60,1.796,2.117,2.15,2.25,2.333,6.0
EURUSD,8,60,2.388,2.567,2.683,2.783,2.783,4.0
EURUSD,9,63,1.606,2.016,2.032,2.032,2.063,4.0
EURUSD,10,31,1.703,2.032,2.129,2.129,2.129,3.0
EURUSD,12,4,1.75,2.0,2.0,2.25,2.5,3.0
EURUSD,13,52,2.057,2.269,2.481,2.654,2.692,4.0
EURUSD,14,60,1.926,2.25,2.35,2.367,2.417,5.0
EURUSD,15,60,1.82,2.083,2.167,2.733,3.7,54.0
EURUSD,16,64,2.007,2.016,2.453,3.547,3.734,4.0
EURUSD,17,179,2.097,2.184,2.486,3.201,3.391,5.0
EURUSD,18,77,2.117,2.104,2.558,3.506,3.974,26.0
EURUSD,19,140,1.917,2.043,2.279,3.136,3.321,4.0
EURUSD,20,207,4.173,4.198,4.614,5.285,5.473,18.0
EURUSD,21,78,36.864,36.91,39.346,42.718,42.782,85.0
EURUSD,22,175,2.89,3.006,3.366,3.811,4.314,48.0
EURUSD,23,231,2.492,2.693,2.844,3.035,3.052,8.0
XAUUSD,0,73,47.486,47.589,48.575,49.74,50.041,72.0
XAUUSD,1,114,48.194,48.184,48.684,49.947,50.825,83.0
XAUUSD,2,120,47.547,47.492,48.3,49.892,51.183,177.0
XAUUSD,3,120,46.545,46.725,47.492,49.167,49.575,149.0
XAUUSD,4,120,47.88,48.042,48.725,49.983,50.233,148.0
XAUUSD,5,120,48.242,48.342,49.017,50.133,51.525,281.0
XAUUSD,6,63,42.276,42.286,43.032,43.683,44.333,67.0
XAUUSD,7,60,41.449,41.367,42.733,44.033,44.233,48.0
XAUUSD,8,60,42.04,42.117,42.817,43.217,43.6,49.0
XAUUSD,9,64,41.79,41.625,42.594,43.266,45.422,102.0
XAUUSD,10,31,40.884,40.871,41.871,42.581,43.452,63.0
XAUUSD,12,4,44.997,45.0,45.0,45.25,45.75,79.0
XAUUSD,13,52,44.336,44.365,44.692,45.096,48.5,86.0
XAUUSD,14,60,45.004,44.583,44.817,47.55,56.9,111.0
XAUUSD,15,60,44.549,44.5,44.65,45.083,47.9,89.0
XAUUSD,16,64,42.012,41.891,42.703,43.438,43.656,47.0
XAUUSD,17,179,41.357,41.413,42.0,42.408,42.581,48.0
XAUUSD,18,77,42.434,42.403,43.195,43.948,44.169,45.0
XAUUSD,19,140,41.979,41.921,42.436,43.221,44.407,113.0
XAUUSD,20,192,45.204,45.01,45.729,47.333,48.557,135.0
XAUUSD,22,176,53.151,52.937,53.091,54.92,55.972,132.0
XAUUSD,23,242,48.749,48.69,49.661,51.723,52.107,164.0
