variant,entry_time,exit_time,entry_index,reason,net_pnl,net_pips,stopped,won,holding_seconds,atr_pips,atr_fast_slow_ratio,ema_slope_atr,distance_from_ema_atr,zscore20,completed_bar_body_fraction,current_quote_spread_pips,current_quote_hour_utc
gbpusd_rsi2_m5_usd100000_stop_pattern_tree_depth1,2017-01-05T08:45:00+00:00,2017-01-05T09:10:00+00:00,677,signal_exit,-0.004699999999876969,-0.07219662058182748,False,False,1500,10.242236877605379,1.4978076547492607,0.22114247310306673,-5.462886145658121,-1.8295856058032822,-0.8456375838926484,0.9999999999998899,8.75
gbpusd_rsi2_m5_usd100000_stop_pattern_tree_depth1,2017-01-05T10:10:00+00:00,2017-01-05T10:40:00+00:00,694,signal_exit,0.8985000000001244,13.823076923078837,False,True,1800,11.671642462857474,1.5190205363704963,-0.7109282637124231,-2.9390857904073644,-0.09435586724620723,-0.7553191489362054,0.9999999999998899,10.166666666666666
gbpusd_rsi2_m5_usd100000_stop_pattern_tree_depth1,2017-01-05T11:00:00+00:00,2017-01-05T11:10:00+00:00,704,signal_exit,0.5995000000001862,9.223076923079788,False,True,600,11.651826754378819,1.4374136650683735,-0.4875263596143112,-2.7861014553583314,-1.124899425612029,-0.42105263157900885,0.5000000000010552,11.0
gbpusd_rsi2_m5_usd100000_stop_pattern_tree_depth1,2017-01-06T13:50:00+00:00,2017-01-06T15:10:00+00:00,1023,holding_bars,-1.1331199999997823,-17.48641975308306,False,False,4800,13.804645913232463,1.9291856739207978,-0.7197635205194362,-6.042204159569491,-2.867003219307186,-0.7339055793992025,0.9999999999998899,13.833333333333334
gbpusd_rsi2_m5_usd100000_stop_pattern_tree_depth1,2017-01-06T15:25:00+00:00,2017-01-06T15:40:00+00:00,1042,signal_exit,0.6372100000001528,9.818335901389103,False,True,900,12.166346317031914,1.5239373401806966,-1.2252006666609585,-7.598695856356739,-2.1890655421334695,-0.5538461538461618,0.700000000000145,15.416666666666666
gbpusd_rsi2_m5_usd100000_stop_pattern_tree_depth1,2017-01-09T09:40:00+00:00,2017-01-09T10:45:00+00:00,1253,signal_exit,0.29350000000001875,4.460486322188735,False,True,3900,9.961892453833482,1.4708071883925937,-2.6954274093519306,-14.573536199568899,-2.5542561602528777,-0.3189655172413496,0.9999999999998899,9.666666666666666
gbpusd_rsi2_m5_usd100000_stop_pattern_tree_depth1,2017-01-11T09:45:00+00:00,2017-01-11T09:50:00+00:00,1822,target,1.110560755079133,16.82667810725959,False,True,300,10.578490568780886,1.7531682036013174,-0.45698456520139974,-7.822787946021753,-2.696331799788502,-0.5978835978836544,0.9000000000014552,9.75
gbpusd_rsi2_m5_usd100000_stop_pattern_tree_depth1,2017-01-11T15:20:00+00:00,2017-01-11T15:55:00+00:00,1889,signal_exit,-0.021259999999858004,-0.3211480362516315,False,False,2100,13.246910221617124,1.6343553432862425,-0.8974354454765732,-9.081685910004817,-3.66343360743031,-0.6028708133971126,0.8999999999992347,15.333333333333334
gbpusd_rsi2_m5_usd100000_stop_pattern_tree_depth1,2017-01-12T09:10:00+00:00,2017-01-12T09:35:00+00:00,2103,signal_exit,0.6606400000001369,10.132515337425412,False,True,1500,12.321487421372845,1.3975827393690907,1.8720045234696967,6.746318023365714,-0.27478867623715203,-0.36224489795918485,0.9999999999998899,9.166666666666666
gbpusd_rsi2_m5_usd100000_stop_pattern_tree_depth1,2017-01-12T10:10:00+00:00,2017-01-12T10:35:00+00:00,2115,signal_exit,0.23032000000021322,3.532515337426583,False,True,1500,11.148292916474833,1.2392659168430074,1.8348286565810634,4.669953869043208,-1.5568725181062086,-0.2543859649122124,0.09999999999843467,10.166666666666666
gbpusd_rsi2_m5_usd100000_stop_pattern_tree_depth1,2017-01-12T15:40:00+00:00,2017-01-12T17:00:00+00:00,2181,holding_bars,-1.4295199999999229,-21.85810397553399,False,False,4800,11.454962701761424,1.2352330669190046,0.6835103511254843,-1.7292701027958108,-3.145378978667201,-0.8070739549838831,0.5999999999994898,15.666666666666666
gbpusd_rsi2_m5_usd100000_stop_pattern_tree_depth1,2017-01-13T13:35:00+00:00,2017-01-13T13:45:00+00:00,2444,target,1.1542095692196521,17.541178863520546,False,True,600,10.940346270664266,1.5012370873187284,-0.1721436368162013,-5.885907650373613,-3.6133497317405014,-0.7338877338877436,0.8999999999992347,13.583333333333334
gbpusd_rsi2_m5_usd100000_stop_pattern_tree_depth1,2017-01-13T14:10:00+00:00,2017-01-13T14:30:00+00:00,2451,signal_exit,0.13558000000015297,2.0604863221907745,False,True,1200,10.735143210405697,1.428906936377687,-0.4216673722349432,-3.987088322851718,-1.4291491539057675,-0.6849315068492318,1.0999999999983245,14.166666666666666
gbpusd_rsi2_m5_usd100000_stop_pattern_tree_depth1,2017-01-13T14:55:00+00:00,2017-01-13T15:25:00+00:00,2460,signal_exit,0.36015000000015784,5.465098634296781,False,True,1800,10.84866872428234,1.3888489616754502,-0.7317386023331727,-5.491542384809128,-1.5886553098376084,-0.4166666666665896,0.7999999999985796,14.916666666666666
gbpusd_rsi2_m5_usd100000_stop_pattern_tree_depth1,2017-01-16T10:35:00+00:00,2017-01-16T10:55:00+00:00,2696,signal_exit,0.40424000000012517,6.0879518072308,False,True,1200,13.288102424645178,1.3219193978063934,-0.415972375233391,-2.3526422601661183,-0.8475523930713875,-0.9703703703705044,0.9999999999998899,10.583333333333334
gbpusd_rsi2_m5_usd100000_stop_pattern_tree_depth1,2017-01-16T12:05:00+00:00,2017-01-16T12:35:00+00:00,2714,signal_exit,-0.35248999999996844,-5.316591251884893,False,False,1800,11.184488383629413,1.1105117112270133,-0.2554950063411375,-1.0868607904295167,-0.1582939959638711,-0.27192982456139836,0.6000000000017103,12.083333333333334
gbpusd_rsi2_m5_usd100000_stop_pattern_tree_depth1,2017-01-17T10:10:00+00:00,2017-01-17T10:40:00+00:00,2977,signal_exit,-0.5224199999999206,-7.939513677810343,False,False,1800,12.791361070702848,1.4710714267736427,1.6882805353077328,6.7776884465701395,0.1521319427181362,-0.7739130434783213,0.8000000000008001,10.166666666666666
gbpusd_rsi2_m5_usd100000_stop_pattern_tree_depth1,2017-01-17T14:45:00+00:00,2017-01-17T14:50:00+00:00,3032,target,2.0152216705178874,31.147166468591767,False,True,300,17.61917828839205,1.3133061798431356,3.559335299522302,14.398871939335681,0.7038189259483637,-0.38636363636355037,0.6000000000017103,14.75
gbpusd_rsi2_m5_usd100000_stop_pattern_tree_depth1,2017-01-17T15:30:00+00:00,2017-01-17T16:00:00+00:00,3041,signal_exit,1.008020000000168,15.604024767804457,False,True,1800,16.6619823678111,1.2194149500574636,3.551654516722959,13.371849348823394,-0.12164998090153942,-0.7625899280574368,1.1999999999989797,15.5
gbpusd_rsi2_m5_usd100000_stop_pattern_tree_depth1,2017-01-18T09:55:00+00:00,2017-01-18T10:00:00+00:00,3262,target,1.0772725085657409,16.573423208703705,False,True,300,10.625173142812738,1.3303882278090828,-0.33073529987955846,-3.286620575607091,-1.700511860822803,-0.6418918918919284,1.2000000000012,9.916666666666666
gbpusd_rsi2_m5_usd100000_stop_pattern_tree_depth1,2017-01-18T10:35:00+00:00,2017-01-18T11:05:00+00:00,3270,signal_exit,0.08600000000014169,1.3230769230791029,False,True,1800,10.331907751006115,1.26416939611792,-0.44924394631602305,-3.0860311775562623,-1.387364035873898,-0.7901234567901133,0.9999999999998899,10.583333333333334
gbpusd_rsi2_m5_usd100000_stop_pattern_tree_depth1,2017-01-19T13:35:00+00:00,2017-01-19T13:50:00+00:00,3593,target,1.057794208448215,16.27375705304946,False,True,900,10.47534006498541,1.4394595080398955,0.8624593551041825,-0.5024339966390137,-3.8358975989118504,-0.9069767441860997,1.2000000000012,13.583333333333334
gbpusd_rsi2_m5_usd100000_stop_pattern_tree_depth1,2017-01-19T15:00:00+00:00,2017-01-19T15:25:00+00:00,3610,signal_exit,0.23550000000011082,3.623076923078628,False,True,1500,11.326431318883131,1.4060167492655025,0.3206529708333952,-0.2519077793968787,-0.8523935668797081,-0.48958333333326587,0.5999999999994898,15.0
gbpusd_rsi2_m5_usd100000_stop_pattern_tree_depth1,2017-01-20T09:35:00+00:00,2017-01-20T10:25:00+00:00,3833,signal_exit,-1.3162799999998196,-20.28166409861047,False,False,3000,10.266744979119737,1.5320133200599135,-0.028467447777716388,-4.142375852568833,-2.842001199916948,-0.5379061371841242,1.100000000000545,9.583333333333334
gbpusd_rsi2_m5_usd100000_stop_pattern_tree_depth1,2017-01-24T10:50:00+00:00,2017-01-24T11:20:00+00:00,4424,signal_exit,-0.3412399999997849,-5.315264797504437,False,False,1800,13.92249961725554,1.702735214151718,-0.18590501351159358,-4.093894285240498,-1.543705805308782,-0.6894409937887377,0.5999999999994898,10.833333333333334
gbpusd_rsi2_m5_usd100000_stop_pattern_tree_depth1,2017-01-24T11:35:00+00:00,2017-01-24T12:00:00+00:00,4433,signal_exit,0.7066300000000858,10.989580093313931,False,True,1500,11.812580355593502,1.4234887734839163,-0.6832037914791836,-5.836230046698655,-1.6012194025860202,-0.36434108527129117,0.40000000000040004,11.583333333333334
gbpusd_rsi2_m5_usd100000_stop_pattern_tree_depth1,2017-01-25T10:25:00+00:00,2017-01-25T11:00:00+00:00,4705,signal_exit,-0.10459999999993991,-1.6446540880493694,False,False,2100,10.140286256158511,1.424183104588813,1.3885913310149651,7.316114518164067,0.38287501254148637,-0.9326923076922892,0.700000000000145,10.416666666666666
gbpusd_rsi2_m5_usd100000_stop_pattern_tree_depth1,2017-01-26T09:45:00+00:00,2017-01-26T10:40:00+00:00,4985,stop,-2.8120355072615197,-44.4239416628992,True,False,3300,10.041096000243162,1.617031147358865,0.8750104711278284,0.23425814593172986,-2.0945409715873438,-0.41614906832297793,0.700000000000145,9.75
gbpusd_rsi2_m5_usd100000_stop_pattern_tree_depth1,2017-01-26T12:10:00+00:00,2017-01-26T12:50:00+00:00,5014,signal_exit,0.23884000000005054,3.7553459119504797,False,True,2400,9.953151218847667,1.3751546583374525,-0.7736121795409604,-7.3028947827335475,-2.5699407738068265,-0.467741935483663,0.9999999999998899,12.166666666666666
gbpusd_rsi2_m5_usd100000_stop_pattern_tree_depth1,2017-01-31T09:45:00+00:00,2017-01-31T10:00:00+00:00,5841,stop,-2.957284885056279,-46.06362749308846,True,False,900,10.43709067389534,1.6344038813309556,-0.44793128242410524,-7.891649394207468,-3.615123952252456,-0.7419354838709331,0.8000000000008001,9.75
gbpusd_rsi2_m5_usd100000_stop_pattern_tree_depth1,2017-01-31T15:15:00+00:00,2017-01-31T15:25:00+00:00,5907,signal_exit,1.2313600000001543,19.270109546168296,False,True,600,12.848683978784917,1.4309557919942402,0.4437591551600572,3.088591057015705,0.4608651991446288,-0.2543859649124071,0.2999999999997449,15.25
gbpusd_rsi2_m5_usd100000_stop_pattern_tree_depth1,2017-02-02T10:50:00+00:00,2017-02-02T11:30:00+00:00,6422,signal_exit,0.07808000000013776,1.2354430379768633,False,True,2400,10.907869894729249,1.685949401115707,0.8885326226827661,-2.296763599502567,-2.4951511565803104,-0.5168918918918897,0.5999999999994898,10.833333333333334
gbpusd_rsi2_m5_usd100000_stop_pattern_tree_depth1,2017-02-02T12:10:00+00:00,2017-02-02T12:55:00+00:00,6438,signal_exit,-1.0558999999998353,-16.654574132489515,False,False,2700,15.591937729651587,2.0139945994110287,-0.21105868991603788,-6.699305290274918,-3.0374871084623383,-0.63742690058482,0.8000000000008001,12.166666666666666
gbpusd_rsi2_m5_usd100000_stop_pattern_tree_depth1,2017-02-02T13:05:00+00:00,2017-02-02T13:50:00+00:00,6449,signal_exit,0.2706400000001177,4.255345911951536,False,True,2700,17.684564613459237,1.9698320047552906,-1.0207736476395413,-10.561955039828591,-1.6788697221780589,-0.655502392344496,0.8000000000008001,13.083333333333334
gbpusd_rsi2_m5_usd100000_stop_pattern_tree_depth1,2017-02-02T14:20:00+00:00,2017-02-02T14:55:00+00:00,6464,signal_exit,-0.10459999999979869,-1.644654088047149,False,False,2100,14.80877682171927,1.5215199080591817,-2.0247153000987237,-8.239937309335621,-0.2965977749033667,-0.5619047619048505,0.4999999999988347,14.333333333333334
gbpusd_rsi2_m5_usd100000_stop_pattern_tree_depth1,2017-02-02T15:25:00+00:00,2017-02-02T16:35:00+00:00,6477,signal_exit,-0.9006999999997813,-14.139717425428277,False,False,4200,10.659252646893753,1.1129023979774355,-2.0005183670225266,-8.40471990740037,-1.6174611098962073,-0.678571428571641,0.4999999999988347,15.416666666666666
gbpusd_rsi2_m5_usd100000_stop_pattern_tree_depth1,2017-02-03T14:25:00+00:00,2017-02-03T15:20:00+00:00,6753,signal_exit,0.5692000000002,8.87987519501092,False,True,3300,14.769002446017904,1.8575065961059543,-0.8144407470692205,-4.5036356754479305,-1.0198124987000297,-0.5066666666667101,0.700000000000145,14.416666666666666
gbpusd_rsi2_m5_usd100000_stop_pattern_tree_depth1,2017-02-07T08:15:00+00:00,2017-02-07T08:50:00+00:00,7243,signal_exit,-0.15477999999999065,-2.3959752321979977,False,False,2100,9.972325373657588,1.788307332895454,-1.190810172154059,-16.050886073782735,-3.3837497820876283,-0.5880829015544066,0.700000000000145,8.25
gbpusd_rsi2_m5_usd100000_stop_pattern_tree_depth1,2017-02-09T15:25:00+00:00,2017-02-09T15:40:00+00:00,7903,target,1.07414485229052,16.836126211450154,False,True,900,10.585461224846847,1.4945535370085785,0.6165447361975902,-2.40757177594041,-2.4321798314304113,-0.820359281437152,0.8000000000008001,15.416666666666666
gbpusd_rsi2_m5_usd100000_stop_pattern_tree_depth1,2017-02-10T12:00:00+00:00,2017-02-10T12:25:00+00:00,8144,signal_exit,-0.0715999999998716,-1.115264797505788,False,False,1500,10.28648160951982,1.5330720418814383,-0.40215697896806574,-7.461871748005517,-3.379673455801243,-0.7224880382775049,0.8000000000008001,12.0
gbpusd_rsi2_m5_usd100000_stop_pattern_tree_depth1,2017-02-14T09:40:00+00:00,2017-02-14T10:50:00+00:00,8681,signal_exit,-0.37947999999975246,-5.920124804988338,False,False,4200,10.753717520897492,2.0525034686721413,-0.10697415266563536,-11.420142089487783,-3.28943917112896,-0.5157894736842762,0.9999999999998899,9.666666666666666
gbpusd_rsi2_m5_usd100000_stop_pattern_tree_depth1,2017-02-14T15:35:00+00:00,2017-02-14T15:55:00+00:00,8752,signal_exit,0.6025000000001255,9.384735202494166,False,True,1200,10.559130079027897,1.543444450017659,-1.1668622809330995,-6.23399964480497,-2.476510507125547,-0.6744186046512709,0.9000000000014552,15.583333333333334
gbpusd_rsi2_m5_usd100000_stop_pattern_tree_depth1,2017-02-15T15:45:00+00:00,2017-02-15T16:05:00+00:00,9033,signal_exit,0.5201600000001492,8.089580093314916,False,True,1200,10.983996909912996,1.5720742552935003,-0.8856430605389567,-0.1294704260516435,0.7344341911796662,-0.6184210526314636,0.5999999999994898,15.75
gbpusd_rsi2_m5_usd100000_stop_pattern_tree_depth1,2017-02-17T09:35:00+00:00,2017-02-17T10:30:00+00:00,9525,signal_exit,-1.140239999999868,-17.705590062109753,False,False,3300,10.844614545045621,2.0277530268770554,-0.6596361292368347,-13.005290243084847,-3.0191751683718193,-0.768156424581032,0.8999999999992347,9.583333333333334
gbpusd_rsi2_m5_usd100000_stop_pattern_tree_depth1,2017-02-22T09:40:00+00:00,2017-02-22T10:20:00+00:00,10363,signal_exit,0.40348000000010464,6.284735202493842,False,True,2400,10.31574430267774,1.8786970378722827,-0.0518182541245537,-6.640525711902844,-2.2874444748789142,-0.9224489795918674,1.1999999999989797,9.666666666666666
gbpusd_rsi2_m5_usd100000_stop_pattern_tree_depth1,2017-02-28T15:50:00+00:00,2017-02-28T15:55:00+00:00,11553,target,1.3308567768109718,20.66547790079149,False,True,300,12.585533981450208,1.7904541058054377,0.23388811492026432,-2.605182116548785,-1.9659203792886342,-0.6898148148148815,0.9999999999998899,15.833333333333334
gbpusd_rsi2_m5_usd100000_stop_pattern_tree_depth1,2017-03-09T15:20:00+00:00,2017-03-09T15:55:00+00:00,13508,signal_exit,0.28692000000012174,4.3604863221903,False,True,2100,10.098197867017165,1.6081702199803134,0.5790532547056714,-3.492680809895862,-2.522434312817742,-0.31718061674011266,0.5999999999994898,15.333333333333334
gbpusd_rsi2_m5_usd100000_stop_pattern_tree_depth1,2017-03-29T12:30:00+00:00,2017-03-29T13:40:00+00:00,17428,signal_exit,-0.2643999999998499,-4.105590062109471,False,False,4200,10.461270429257548,1.473632576426625,0.2002341587975792,-2.8246396205363267,-2.111978386138935,-0.7833333333333703,0.2999999999997449,12.5
gbpusd_rsi2_m5_usd100000_stop_pattern_tree_depth1,2017-04-07T12:55:00+00:00,2017-04-07T13:55:00+00:00,19389,signal_exit,-0.06454999999982874,-1.0007751937957945,False,False,3600,11.748743803393443,1.8950448396515578,-1.2441720053819418,-8.979772696933185,-2.982021870907293,-0.7299703264094953,0.1999999999990898,12.916666666666666
gbpusd_rsi2_m5_usd100000_stop_pattern_tree_depth1,2017-04-18T09:15:00+00:00,2017-04-18T09:55:00+00:00,21277,target,1.1467073450581893,17.973469358278827,False,True,2400,11.304132798260838,2.1874587100165277,0.8228388136293203,-9.226064734059229,-3.136857792503936,-0.7690217391304242,1.100000000000545,9.25
gbpusd_rsi2_m5_usd100000_stop_pattern_tree_depth1,2017-04-28T09:30:00+00:00,2017-04-28T09:55:00+00:00,23541,signal_exit,0.3871000000001412,6.263754045309728,False,True,1500,10.268392505944284,1.85919447136216,1.3270382961962324,3.611322399095919,-0.896309571271418,-0.7651515151514884,0.5999999999994898,9.5
gbpusd_rsi2_m5_usd100000_stop_pattern_tree_depth1,2017-05-11T11:10:00+00:00,2017-05-11T12:30:00+00:00,26108,holding_bars,-1.6407199999999242,-26.42061191626287,False,False,4800,10.437016085566162,2.0672311396292424,-0.8934042467244699,-10.106023469535268,-3.4937368925017154,-0.7030567685589333,0.8999999999992347,11.166666666666666
gbpusd_rsi2_m5_usd100000_stop_pattern_tree_depth1,2017-05-16T09:10:00+00:00,2017-05-16T09:50:00+00:00,26929,signal_exit,0.3154300000000674,5.079388083736994,False,True,2400,9.985400167343506,2.205570074054609,0.7620761677670691,-7.409414580326023,-2.901098842123609,-0.6990291262134781,0.2999999999997449,9.166666666666666
gbpusd_rsi2_m5_usd100000_stop_pattern_tree_depth1,2017-06-02T13:40:00+00:00,2017-06-02T14:05:00+00:00,30681,signal_exit,0.3846800000001014,6.184565916400343,False,True,1500,10.608854050612457,1.7568579738235832,-0.10586672627755501,-2.2038952812522568,-0.8858190255697115,-0.7357512953367804,0.5999999999994898,13.666666666666666
gbpusd_rsi2_m5_usd100000_stop_pattern_tree_depth1,2017-06-09T08:10:00+00:00,2017-06-09T08:20:00+00:00,32034,target,1.6523493523377009,26.22776749742382,False,True,600,15.101185336012696,1.0544510976535733,-1.8726636356537332,-6.817490884441396,0.22809381549135074,-0.6502732240437298,0.40000000000040004,8.166666666666666
gbpusd_rsi2_m5_usd100000_stop_pattern_tree_depth1,2017-06-09T09:05:00+00:00,2017-06-09T09:30:00+00:00,32045,signal_exit,-0.06790999999983299,-1.0796502384711126,False,False,1500,15.194703461711612,1.0468627614559802,-1.3280447029882754,-4.448438868314304,0.2413089623230444,-0.1346153846154503,0.7999999999985796,9.083333333333334
gbpusd_rsi2_m5_usd100000_stop_pattern_tree_depth1,2017-06-09T12:00:00+00:00,2017-06-09T13:15:00+00:00,32080,signal_exit,-0.7831099999997826,-12.489792663473406,False,False,4500,12.168103404181034,0.9029526164201868,-0.27708975674653913,-2.1197494777119226,-2.107828475758724,-0.5775862068966334,0.700000000000145,12.0
gbpusd_rsi2_m5_usd100000_stop_pattern_tree_depth1,2017-06-14T13:45:00+00:00,2017-06-14T14:10:00+00:00,32950,signal_exit,0.40000000000018376,6.400000000002939,False,True,1500,10.444432871685402,1.5249554987240295,0.7560072076187917,4.401794020067746,0.22411430796040938,-0.7627118644067222,0.4999999999988347,13.75
gbpusd_rsi2_m5_usd100000_stop_pattern_tree_depth1,2017-06-15T11:50:00+00:00,2017-06-15T12:55:00+00:00,33212,signal_exit,-1.6836199999999897,-26.894888178913572,False,False,3900,12.859048494137046,1.8425704193248733,-0.24225739030862398,3.2126668677444714,0.6898276651803862,-0.40000000000012687,0.6000000000017103,11.833333333333334
gbpusd_rsi2_m5_usd100000_stop_pattern_tree_depth1,2017-06-20T07:35:00+00:00,2017-06-20T08:15:00+00:00,34003,signal_exit,0.2732500000001581,4.330427892237053,False,True,2400,10.336905215619398,2.418855990097292,-0.06221013438455396,-15.04989543563034,-4.225861509010518,-0.9720998531571347,0.2999999999997449,7.583333333333333
gbpusd_rsi2_m5_usd100000_stop_pattern_tree_depth1,2017-06-28T15:00:00+00:00,2017-06-28T16:00:00+00:00,35777,signal_exit,-0.5584399999998781,-9.036245954690585,False,False,3600,13.653783469862578,1.751242195714144,2.9139539292129277,13.489916613824644,0.2285174668136035,-0.7197231833910723,0.20000000000131024,15.0
gbpusd_rsi2_m5_usd100000_stop_pattern_tree_depth1,2017-07-07T13:00:00+00:00,2017-07-07T14:20:00+00:00,37727,holding_bars,-0.2062099999999028,-3.320611916262525,False,False,4800,12.678745257214693,2.080779350259655,-1.7357111142835435,-10.0987442247079,-2.666792631815718,-0.6151419558359067,0.2999999999997449,13.0
gbpusd_rsi2_m5_usd100000_stop_pattern_tree_depth1,2017-07-12T13:10:00+00:00,2017-07-12T13:30:00+00:00,38576,signal_exit,-0.01369999999988264,-0.22061191626220028,False,False,1200,10.050917176773199,1.598286387962692,1.0126583127295454,4.0530307753946495,-0.008565983024837505,-0.6305732484076442,0.4999999999988347,13.166666666666666
gbpusd_rsi2_m5_usd100000_stop_pattern_tree_depth1,2017-07-12T13:50:00+00:00,2017-07-12T14:15:00+00:00,38584,signal_exit,0.5775000000001216,9.284565916400668,False,True,1500,10.33422772645913,1.5636676206207794,0.9823126527945598,0.19906904584845422,-2.621851124586274,-0.6221198156681839,0.5999999999994898,13.833333333333334
gbpusd_rsi2_m5_usd100000_stop_pattern_tree_depth1,2017-07-18T08:35:00+00:00,2017-07-18T09:40:00+00:00,39644,signal_exit,-0.01609999999988415,-0.26264274061801224,False,False,3900,11.293681635914936,2.219993624002557,0.7876021057516518,-8.744321304659115,-3.3959466640495464,-0.6960784313725235,0.1999999999990898,8.583333333333334
gbpusd_rsi2_m5_usd100000_stop_pattern_tree_depth1,2017-08-03T11:05:00+00:00,2017-08-03T12:05:00+00:00,43058,stop,-2.8039594969162094,-46.19373141542354,True,False,3600,10.474709624861394,1.9745104647221363,0.4637078123577428,-11.269200868216378,-4.173633202862195,-0.9751098096632502,0.5999999999994898,11.083333333333334
gbpusd_rsi2_m5_usd100000_stop_pattern_tree_depth1,2017-08-03T12:10:00+00:00,2017-08-03T13:10:00+00:00,43071,signal_exit,-0.5044999999999664,-8.284072249588938,False,False,3600,13.134631779719982,2.010715207575783,-1.3360080614365064,-13.892873334760056,-1.2828114021313428,-0.647887323943695,0.20000000000131024,12.166666666666666
gbpusd_rsi2_m5_usd100000_stop_pattern_tree_depth1,2017-08-11T12:55:00+00:00,2017-08-11T13:25:00+00:00,44774,signal_exit,0.4108300000000287,6.658508914100951,False,True,1800,10.127875221369623,2.0485996047950477,-0.014558980605311727,-3.2948775927182963,-2.219269286284993,-0.8275862068966234,0.5000000000010552,12.916666666666666
gbpusd_rsi2_m5_usd100000_stop_pattern_tree_depth1,2017-08-11T13:35:00+00:00,2017-08-11T13:55:00+00:00,44782,target,1.079679845315566,17.498862971078864,False,True,1200,10.870177028488518,1.9916693889633907,-0.1377826275980307,-5.2039561806464425,-2.2236282756044115,-0.6825938566552676,0.5999999999994898,13.583333333333334
gbpusd_rsi2_m5_usd100000_stop_pattern_tree_depth1,2017-09-01T13:45:00+00:00,2017-09-01T14:50:00+00:00,49018,signal_exit,-0.5326399999998539,-8.646753246750874,False,False,3900,11.91934321365946,1.9181754412575598,1.4863444428393964,5.6085883017979965,-0.15457443870630186,-0.2905982905982679,0.2999999999997449,13.75
gbpusd_rsi2_m5_usd100000_stop_pattern_tree_depth1,2017-09-07T13:50:00+00:00,2017-09-07T14:10:00+00:00,50150,signal_exit,0.392670000000084,6.426677577742781,False,True,1200,10.027901689794353,1.7360892323660755,1.3845521898051487,2.2858708081332986,-2.703937599212939,-0.5294117647057776,0.0,13.833333333333334
gbpusd_rsi2_m5_usd100000_stop_pattern_tree_depth1,2017-09-12T09:20:00+00:00,2017-09-12T09:35:00+00:00,50949,signal_exit,0.2944600000000259,4.883250414594127,False,True,900,10.624542370682716,2.1141079365061444,2.1221996791940834,11.934299924835402,0.5773530795020565,-0.7471264367812719,0.0,9.333333333333334
gbpusd_rsi2_m5_usd100000_stop_pattern_tree_depth1,2017-09-14T14:55:00+00:00,2017-09-14T15:05:00+00:00,51589,target,0.9564542242857311,15.967516265204193,False,True,600,9.953207214405005,1.2401575731570298,3.270957810124596,10.572188635758943,-1.7478506552009,-0.6909090909091129,0.20000000000131024,14.916666666666666
gbpusd_rsi2_m5_usd100000_stop_pattern_tree_depth1,2017-09-15T11:00:00+00:00,2017-09-15T11:15:00+00:00,51827,signal_exit,0.5879200000000699,9.9986394557835,False,True,900,13.605650072677575,1.6444126347934622,4.596563129468708,18.351604882879933,0.362390259382004,-0.7971014492753437,0.40000000000040004,11.0
gbpusd_rsi2_m5_usd100000_stop_pattern_tree_depth1,2017-09-15T12:00:00+00:00,2017-09-15T12:15:00+00:00,51839,signal_exit,1.0310100000000866,17.50441426146157,False,True,900,12.196829793876034,1.4094233028978993,4.257519127834326,13.852098740829254,-1.613444076866126,-0.6666666666667352,0.5000000000010552,12.0
gbpusd_rsi2_m5_usd100000_stop_pattern_tree_depth1,2017-09-15T13:05:00+00:00,2017-09-15T13:25:00+00:00,51852,signal_exit,0.13573000000010688,2.3044142614619165,False,True,1200,11.022465134883232,1.237408900186439,3.589990551654554,12.495043041064433,-0.8125952356977661,-0.49999999999972244,0.2999999999997449,13.083333333333334
gbpusd_rsi2_m5_usd100000_stop_pattern_tree_depth1,2017-09-18T15:05:00+00:00,2017-09-18T15:15:00+00:00,52157,target,1.0266214777814424,17.341579016578418,False,True,600,10.859978697477551,1.4924579779370761,-0.08652824712850175,-7.173788324960066,-3.880510663129414,-0.9343339587241898,0.5999999999994898,15.083333333333334
gbpusd_rsi2_m5_usd100000_stop_pattern_tree_depth1,2017-09-18T15:55:00+00:00,2017-09-18T16:30:00+00:00,52167,signal_exit,-0.7683199999999111,-12.978378378376876,False,False,2100,13.087323958040741,1.630100522869216,-0.6179276119110745,-7.760538177460561,-1.8266991147946359,-0.6353383458646247,0.2999999999997449,15.916666666666666
gbpusd_rsi2_m5_usd100000_stop_pattern_tree_depth1,2017-09-19T08:35:00+00:00,2017-09-19T09:10:00+00:00,52363,signal_exit,0.4819499999999908,8.127318718380957,False,True,2100,10.02474402176159,1.6263557995318687,0.09873536986217019,-7.402353331441477,-2.6841871798026036,-0.4322580645161124,0.20000000000131024,8.583333333333334
gbpusd_rsi2_m5_usd100000_stop_pattern_tree_depth1,2017-09-20T09:25:00+00:00,2017-09-20T10:45:00+00:00,52658,holding_bars,-0.8017999999998813,-13.589830508472563,False,False,4800,15.356394641010796,2.1034416663558573,0.8327311558493257,2.625975329910713,-0.23908757016263577,-0.4158004158004178,0.1999999999990898,9.416666666666666
gbpusd_rsi2_m5_usd100000_stop_pattern_tree_depth1,2017-09-22T13:45:00+00:00,2017-09-22T14:20:00+00:00,53280,signal_exit,-0.10543999999977421,-1.7840947546493098,False,False,2100,13.144321598988236,1.932644023024401,-0.060421496548877796,-5.4704404895154015,-2.6335939106962076,-0.41176470588238173,0.5999999999994898,13.75
gbpusd_rsi2_m5_usd100000_stop_pattern_tree_depth1,2017-09-22T15:10:00+00:00,2017-09-22T15:45:00+00:00,53297,signal_exit,0.30912000000004913,5.221621621622451,False,True,2100,17.24677004041989,1.9483634473732756,-0.7849811374775717,-5.406946225609494,-0.9135388518319936,-0.46391752577324663,0.40000000000040004,15.166666666666666
gbpusd_rsi2_m5_usd100000_stop_pattern_tree_depth1,2017-09-28T08:45:00+00:00,2017-09-28T09:05:00+00:00,54358,signal_exit,0.5427600000002109,9.06110183639751,False,True,1200,10.662804369220012,1.7547934237091933,-0.523166778437187,-6.460266709169428,-1.8475815642692783,-0.6842105263157847,0.2999999999997449,8.75
gbpusd_rsi2_m5_usd100000_stop_pattern_tree_depth1,2017-09-29T08:35:00+00:00,2017-09-29T09:45:00+00:00,54635,signal_exit,-1.2387799999999123,-20.75008375209233,False,False,4200,10.097845423137802,1.9383396303364966,-0.4157178300846218,-6.201873684455713,-2.811753287713042,-0.9008264462809543,0.2999999999997449,8.583333333333334
gbpusd_rsi2_m5_usd100000_stop_pattern_tree_depth1,2017-09-29T14:20:00+00:00,2017-09-29T14:30:00+00:00,54704,signal_exit,0.8841900000000535,14.761101836394884,False,True,600,9.994643824328671,1.4344253086212695,-0.7037404909701009,-6.7315977251638595,-1.878479618840937,-0.39316239316234775,0.2999999999997449,14.333333333333334
gbpusd_rsi2_m5_usd100000_stop_pattern_tree_depth1,2017-09-29T15:30:00+00:00,2017-09-29T16:50:00+00:00,54718,holding_bars,-1.1535999999998952,-19.355704697984816,False,False,4800,10.191928711944666,1.3581093553778683,-0.4467776619299017,0.930002774214566,0.8119727235825377,-0.5555555555554528,0.4999999999988347,15.5
gbpusd_rsi2_m5_usd100000_stop_pattern_tree_depth1,2017-10-02T14:55:00+00:00,2017-10-02T16:15:00+00:00,54987,holding_bars,-0.8260799999999577,-13.722259136211923,False,False,4800,9.999794359887323,1.5059643910680043,-2.0289262878794556,-7.791262607646702,-0.5164941835923876,-0.40217391304344413,0.5000000000010552,14.916666666666666
gbpusd_rsi2_m5_usd100000_stop_pattern_tree_depth1,2017-10-06T13:35:00+00:00,2017-10-06T14:20:00+00:00,56108,target,0.9947926725499857,16.22826545758541,False,True,2700,10.095454099101344,1.6123160199629338,-1.1905640204245584,-8.383962090458136,-1.5828087801186912,-0.8437499999998644,0.2999999999997449,13.583333333333334
gbpusd_rsi2_m5_usd100000_stop_pattern_tree_depth1,2017-10-12T11:05:00+00:00,2017-10-12T12:25:00+00:00,57219,holding_bars,-1.5193599999998684,-24.98947368420836,False,False,4800,10.978147130987859,1.87536298602377,-0.9009023238422134,-12.784479002685345,-2.3168602418543633,-0.5308310991956742,0.1999999999990898,11.083333333333334
gbpusd_rsi2_m5_usd100000_stop_pattern_tree_depth1,2017-10-13T09:55:00+00:00,2017-10-13T10:35:00+00:00,57484,signal_exit,0.3004900000001993,4.983250414597003,False,True,2400,10.347656249954408,1.6192846614296437,1.3140133274437573,-1.782335826145227,-2.833801382803866,-0.34749034749032665,0.4999999999988347,9.916666666666666
gbpusd_rsi2_m5_usd100000_stop_pattern_tree_depth1,2017-10-13T15:05:00+00:00,2017-10-13T15:40:00+00:00,57546,signal_exit,0.2567600000000565,4.272212978370325,False,True,2100,9.970891698784152,1.2642218606708233,0.9281772804527864,1.330384441391878,-1.651048447800463,-0.6603773584905713,0.2999999999997449,15.083333333333334
gbpusd_rsi2_m5_usd100000_stop_pattern_tree_depth1,2017-10-19T08:35:00+00:00,2017-10-19T09:15:00+00:00,58600,signal_exit,0.7667200000001231,12.610526315791498,False,True,2400,11.651135031486108,2.0585610491295236,-0.5933352407247611,-9.576688115370901,-2.6105326196559373,-0.6143141153081746,0.5000000000010552,8.583333333333334
gbpusd_rsi2_m5_usd100000_stop_pattern_tree_depth1,2017-10-26T13:35:00+00:00,2017-10-26T14:05:00+00:00,60072,signal_exit,-0.16363999999989637,-2.70033003300159,False,False,1800,10.646285565679676,1.5403572449112597,-1.0204395665273773,-5.8757856636387515,-1.4981142641398504,-0.8571428571429189,0.5000000000010552,13.583333333333334
gbpusd_rsi2_m5_usd100000_stop_pattern_tree_depth1,2017-11-01T14:30:00+00:00,2017-11-01T15:05:00+00:00,61219,signal_exit,0.5959600000001266,9.883250414595798,False,True,2100,10.381295029621382,1.6325414571864973,0.15485332196662685,-3.508081754165651,-3.058295156636992,-0.7105882352940562,0.4999999999988347,14.5
gbpusd_rsi2_m5_usd100000_stop_pattern_tree_depth1,2017-11-02T12:05:00+00:00,2017-11-02T13:10:00+00:00,61474,signal_exit,0.06796000000013275,1.1159277504126888,False,True,3900,20.806315915101468,2.693585441137602,-1.4150121920564165,-17.0791919184561,-4.031847036008474,-0.5496876774559889,0.5999999999994898,12.083333333333334
gbpusd_rsi2_m5_usd100000_stop_pattern_tree_depth1,2017-11-02T13:30:00+00:00,2017-11-02T14:10:00+00:00,61491,signal_exit,0.12940000000012625,2.1213114754119053,False,True,2400,16.563867057736317,1.8212013233302349,-2.807382363616764,-13.56047794635742,-0.6195591757452725,-0.6949152542373487,0.2999999999997449,13.5
gbpusd_rsi2_m5_usd100000_stop_pattern_tree_depth1,2017-11-02T14:55:00+00:00,2017-11-02T15:20:00+00:00,61508,signal_exit,0.05620000000005304,0.9213114754107056,False,True,1500,12.730393848754535,1.3475675384735348,-2.897948866433082,-11.84446548262232,-1.2702148304042176,-0.8318584070795382,0.0,14.916666666666666
gbpusd_rsi2_m5_usd100000_stop_pattern_tree_depth1,2017-11-02T15:50:00+00:00,2017-11-02T17:10:00+00:00,61519,holding_bars,-1.0492899999998657,-17.173322422256394,False,False,4800,12.546263692421595,1.293229259239625,-2.7737831279911767,-13.422682024448191,-2.0294701825412695,0.036231884057888235,0.40000000000040004,15.833333333333334
gbpusd_rsi2_m5_usd100000_stop_pattern_tree_depth1,2017-11-03T13:35:00+00:00,2017-11-03T13:55:00+00:00,61779,signal_exit,0.05051000000014877,0.8266775777438424,False,True,1200,9.99477470500945,1.609172723882037,0.6979461263194031,1.9984597108386157,-0.6492560549636626,-0.8840579710143901,0.4999999999988347,13.583333333333334
gbpusd_rsi2_m5_usd100000_stop_pattern_tree_depth1,2017-11-15T09:45:00+00:00,2017-11-15T09:50:00+00:00,63997,stop,-2.6670876353742328,-43.938840780465114,True,False,300,9.985986966121947,1.8203054997915775,1.6239793243334024,4.326620306904158,-1.2719437274425638,-0.7079646017699541,0.2999999999997449,9.75
gbpusd_rsi2_m5_usd100000_stop_pattern_tree_depth1,2017-11-15T09:55:00+00:00,2017-11-15T10:05:00+00:00,63999,target,1.2398009517785864,20.39146302267412,False,True,600,12.2404683534419,2.067620389863301,1.3835985118214316,-1.6289010882848203,-2.7869497631662603,-0.30672268907558087,0.40000000000040004,9.916666666666666
gbpusd_rsi2_m5_usd100000_stop_pattern_tree_depth1,2017-11-15T10:40:00+00:00,2017-11-15T11:00:00+00:00,64008,signal_exit,0.21276000000014325,3.505107084022129,False,True,1200,12.263283109160342,1.8680068225980715,0.9510995803505674,0.6734489473381464,-0.8676572360952655,-0.6511627906979146,0.1999999999990898,10.666666666666666
gbpusd_rsi2_m5_usd100000_stop_pattern_tree_depth1,2017-11-15T11:30:00+00:00,2017-11-15T11:55:00+00:00,64018,signal_exit,0.0913600000001566,1.5051070840223493,False,True,1500,10.36675107682439,1.5252607621682803,0.4463066605284732,1.020707875643229,-0.15572340196317225,-0.8297872340426085,0.2999999999997449,11.5
gbpusd_rsi2_m5_usd100000_stop_pattern_tree_depth1,2017-12-04T13:55:00+00:00,2017-12-04T15:00:00+00:00,67733,signal_exit,-0.4659499999997738,-7.884094754649303,False,False,3900,10.176899732811215,1.2619710200764098,1.4804074790410013,5.094257942752224,-0.643284293350065,-0.6146788990827052,0.2999999999997449,13.916666666666666
gbpusd_rsi2_m5_usd100000_stop_pattern_tree_depth1,2017-12-04T15:30:00+00:00,2017-12-04T15:50:00+00:00,67752,signal_exit,0.7412800000001198,12.521621621623645,False,True,1200,10.11394876321933,1.2085728812976737,0.9991579409072087,1.465228880276346,-2.3615214900904853,-0.6791044776119675,0.1999999999990898,15.5
gbpusd_rsi2_m5_usd100000_stop_pattern_tree_depth1,2017-12-06T11:55:00+00:00,2017-12-06T12:15:00+00:00,68271,signal_exit,-0.03255999999996534,-0.5444816053505909,False,False,1200,10.416600012601883,1.5971661162067874,-1.535638146108623,-6.974121141976235,-1.1843213698127235,-0.06787330316746218,0.5000000000010552,11.916666666666666
gbpusd_rsi2_m5_usd100000_stop_pattern_tree_depth1,2017-12-07T12:00:00+00:00,2017-12-07T12:35:00+00:00,68558,signal_exit,0.7360000000001368,12.266666666668945,False,True,2100,10.782915108192526,1.9288944406391715,0.21704341619404335,-8.91088942550532,-2.8261620166957306,-0.797843665768192,0.0,12.0
gbpusd_rsi2_m5_usd100000_stop_pattern_tree_depth1,2017-12-08T07:00:00+00:00,2017-12-08T07:30:00+00:00,68776,target,1.236322482993092,20.81350981469852,False,True,1800,12.590256590849943,1.7982266273976097,1.5207602474181263,-0.505688813984492,-2.7974433948713484,-0.8507462686567379,0.5999999999994898,7.0
gbpusd_rsi2_m5_usd100000_stop_pattern_tree_depth1,2017-12-08T09:15:00+00:00,2017-12-08T10:00:00+00:00,68803,signal_exit,-0.3067399999997776,-5.1726812816151355,False,False,2700,10.870514035112835,1.3811264613086918,0.9007779399380927,1.2664863366252408,-1.9899350115939705,-0.6780821917808458,0.0,9.25
gbpusd_rsi2_m5_usd100000_stop_pattern_tree_depth1,2017-12-08T15:40:00+00:00,2017-12-08T16:25:00+00:00,68880,signal_exit,-0.8566999999999276,-14.35008375209259,False,False,2700,10.389782075523037,1.2013023936839775,-1.1262263713321266,-6.778973321190521,-3.0994774841561736,-0.6324503311258219,0.4999999999988347,15.666666666666666
gbpusd_rsi2_m5_usd100000_stop_pattern_tree_depth1,2017-12-15T13:50:00+00:00,2017-12-15T15:00:00+00:00,70269,signal_exit,-0.505999999999873,-8.433333333331216,False,False,4200,10.047577446701332,1.648493975000337,-1.9793723107608263,-13.761333588579781,-2.492548172634176,-0.05624999999995837,0.10000000000065512,13.833333333333334
